# x, y,prediction 1,prediction 2, prediction 3
0.36,2.42,3.29,0.96,10.01
0.70,-1.74,2.41,-4.47,4.86
0.93,-5.72,0.11,-10.76,-1.64
0.64,-0.21,3.34,-3.12,6.21
0.70,-1.44,2.35,-4.47,4.86
0.72,-2.02,1.13,-5.07,4.26
0.57,0.31,3.38,-1.89,7.42
0.76,-2.32,1.66,-5.99,3.32
0.28,3.04,4.08,1.62,10.51
0.33,2.32,3.09,1.24,10.23
0.18,2.62,3.58,2.09,10.73
0.96,-6.93,-0.07,-11.69,-2.61
0.15,3.08,2.84,2.18,10.70
0.20,2.43,2.82,2.04,10.72
0.39,2.64,3.22,0.68,9.79
0.12,2.62,4.35,2.20,10.65
0.55,0.95,3.64,-1.63,7.66
0.66,-0.86,2.26,-3.73,5.60
0.46,1.51,3.13,-0.12,9.08
0.53,1.38,2.70,-1.22,8.05
0.89,-5.47,0.22,-9.55,-0.37
0.80,-2.66,2.30,-6.92,2.36
0.90,-5.24,0.89,-9.66,-0.48
0.02,2.84,2.55,2.08,10.16
0.37,2.60,4.34,0.90,9.97
0.43,2.13,4.09,0.17,9.34
0.41,1.88,4.53,0.40,9.54
0.78,-3.05,2.26,-6.36,2.93
0.37,2.29,3.17,0.86,9.93
0.33,2.81,4.13,1.24,10.23
0.30,2.45,3.24,1.50,10.42
0.35,2.39,3.98,1.11,10.13
0.30,2.59,4.21,1.52,10.44
0.32,2.69,3.29,1.31,10.29
0.26,2.98,3.54,1.76,10.59
0.03,2.31,3.32,2.10,10.22
0.84,-3.83,1.15,-8.09,1.15
0.30,3.01,4.41,1.46,10.40
0.38,2.46,3.38,0.75,9.84
0.01,2.72,2.52,2.03,10.05
0.45,1.67,3.96,-0.01,9.17
0.14,3.31,3.34,2.18,10.69
0.22,2.83,3.93,1.97,10.70
0.46,1.37,4.16,-0.20,9.00
0.90,-4.58,0.56,-9.67,-0.50
0.56,0.15,3.37,-1.74,7.56
0.04,2.60,3.77,2.13,10.29
0.46,1.51,3.51,-0.24,8.97
0.23,2.39,4.47,1.91,10.67
0.99,-7.38,-1.62,-12.65,-3.63
0.57,0.19,4.01,-1.89,7.41
0.57,0.17,3.75,-1.90,7.41
0.61,0.38,3.37,-2.60,6.72
0.31,2.63,3.70,1.44,10.38
0.33,2.94,3.89,1.22,10.22
0.60,-0.40,2.43,-2.44,6.88
0.37,2.45,4.25,0.91,9.98
0.25,3.27,3.78,1.79,10.61
0.77,-2.95,1.76,-6.16,3.14
0.89,-4.67,1.40,-9.49,-0.31
0.00,2.04,3.75,2.01,10.03
0.74,-1.92,2.00,-5.39,3.93
0.51,1.39,3.28,-0.88,8.38
0.73,-1.44,1.33,-5.15,4.17
0.31,2.43,3.42,1.41,10.36
0.60,0.48,2.65,-2.37,6.95
0.61,-0.51,3.39,-2.68,6.64
0.78,-2.75,0.75,-6.35,2.95
0.62,-0.15,2.35,-2.88,6.45
0.79,-2.70,1.23,-6.72,2.56
0.36,2.33,4.35,0.98,10.03
0.96,-6.71,-1.28,-11.71,-2.63
0.27,2.35,3.27,1.68,10.55
0.01,2.63,2.38,2.03,10.07
0.11,2.69,4.40,2.21,10.60
0.32,2.33,4.02,1.36,10.33
0.70,-1.64,3.09,-4.60,4.73
0.50,1.56,3.78,-0.81,8.45
0.70,-1.76,1.71,-4.48,4.85
0.47,1.65,3.52,-0.33,8.89
0.22,2.80,3.07,1.96,10.70
0.97,-6.51,-0.69,-11.94,-2.88
0.67,-0.64,1.60,-3.86,5.48
0.95,-5.78,-0.56,-11.32,-2.22
0.51,0.75,4.46,-0.83,8.42
0.65,-1.05,2.08,-3.50,5.83
0.66,-0.57,3.08,-3.71,5.62
0.82,-3.74,1.12,-7.38,1.89
0.21,2.67,4.27,2.02,10.71
0.15,2.92,3.30,2.17,10.71
0.98,-7.33,0.10,-12.31,-3.27
0.65,-0.85,2.14,-3.36,5.98
0.98,-7.42,-0.68,-12.43,-3.40
0.26,2.37,3.29,1.74,10.59
0.16,2.44,3.04,2.15,10.72
0.61,0.34,3.38,-2.59,6.73
0.33,2.65,3.02,1.29,10.27
0.26,3.07,4.55,1.77,10.60
0.12,3.23,4.13,2.20,10.65
0.50,0.83,4.15,-0.76,8.49
0.09,3.18,3.82,2.21,10.55
0.29,3.15,3.37,1.58,10.48
0.17,2.71,3.57,2.12,10.73
0.07,2.72,4.07,2.19,10.45
0.83,-3.33,0.66,-7.83,1.42
0.44,1.62,4.17,0.06,9.24
0.16,2.50,2.91,2.16,10.72
0.99,-7.52,-0.00,-12.79,-3.77
0.43,1.75,3.29,0.25,9.41
0.19,3.36,3.64,2.07,10.73
0.35,2.84,3.11,1.08,10.11
0.68,-0.78,1.85,-4.17,5.17
0.52,1.41,2.50,-0.98,8.28
0.93,-5.71,0.34,-10.60,-1.47
0.36,2.45,2.98,0.96,10.01
0.96,-6.16,0.13,-11.74,-2.67
0.36,2.51,3.79,0.99,10.04
0.80,-2.78,2.40,-6.86,2.42
0.54,0.72,2.77,-1.32,7.96
0.63,-0.61,1.85,-2.96,6.37
0.47,1.63,3.79,-0.38,8.84
0.35,2.46,4.16,1.08,10.11
0.59,-0.05,3.66,-2.24,7.08
0.48,1.34,2.87,-0.41,8.81
0.48,1.67,4.22,-0.39,8.83
0.63,-0.42,2.27,-2.98,6.35
0.30,2.46,4.75,1.50,10.43
0.12,3.34,4.07,2.21,10.65
0.19,2.59,3.11,2.08,10.73
0.91,-5.45,0.31,-10.24,-1.09
0.61,-0.17,2.31,-2.53,6.79
0.74,-1.95,2.33,-5.51,3.80
0.65,-0.59,2.93,-3.39,5.94
0.06,3.22,3.01,2.16,10.37
0.13,3.10,4.06,2.19,10.68
0.39,2.19,3.53,0.64,9.75
0.57,0.00,2.70,-1.88,7.42
0.64,-0.83,3.15,-3.19,6.14
0.51,0.96,2.97,-0.98,8.29
0.30,2.97,3.08,1.48,10.42
0.17,3.03,4.41,2.14,10.72
0.96,-6.38,-0.66,-11.55,-2.47
0.38,2.36,4.39,0.80,9.88
0.89,-4.56,0.22,-9.46,-0.28
0.56,0.69,2.24,-1.69,7.61
0.04,3.03,3.94,2.13,10.28
0.97,-6.81,-0.06,-11.91,-2.85
0.25,2.88,3.53,1.81,10.62
0.08,2.69,4.11,2.20,10.49
0.11,3.07,2.70,2.21,10.62
0.21,3.14,4.57,2.01,10.71
0.91,-5.76,-0.28,-10.12,-0.96
0.21,2.65,4.22,1.99,10.71
0.73,-1.90,1.47,-5.20,4.12
0.89,-5.31,-0.12,-9.54,-0.36
0.84,-3.93,0.07,-8.14,1.10
0.88,-4.56,-0.27,-9.25,-0.05
0.47,1.40,2.73,-0.36,8.86
0.00,2.20,3.65,2.00,10.00
0.92,-5.28,0.88,-10.38,-1.24
0.63,-0.29,2.82,-3.06,6.27
0.47,1.15,3.53,-0.25,8.96
0.84,-3.38,1.15,-7.96,1.29
0.77,-2.39,1.35,-6.19,3.11
0.13,3.06,3.81,2.20,10.67
0.37,2.34,3.42,0.84,9.92
0.91,-5.35,0.77,-10.01,-0.85
0.57,0.80,3.82,-1.83,7.47
0.45,1.72,2.76,-0.09,9.10
0.58,-0.04,2.78,-2.10,7.21
0.65,-0.67,2.14,-3.37,5.96
0.80,-2.62,1.46,-6.86,2.42
0.12,3.36,3.78,2.21,10.65
0.57,0.20,2.98,-1.96,7.35
0.48,0.94,3.83,-0.50,8.73
0.86,-4.33,1.65,-8.60,0.62
0.11,2.66,4.42,2.21,10.61
0.27,2.42,4.40,1.71,10.56
0.02,2.86,3.07,2.08,10.18
0.77,-2.44,2.16,-6.09,3.21
0.62,-0.53,2.28,-2.88,6.45
0.29,3.10,4.24,1.55,10.46
0.85,-3.54,1.04,-8.20,1.03
0.46,1.94,3.40,-0.22,8.99
0.87,-5.00,1.52,-8.95,0.26
0.42,2.21,4.50,0.31,9.46
0.63,-0.79,2.48,-3.11,6.22
0.78,-2.76,2.19,-6.56,2.73
0.72,-1.63,2.40,-4.88,4.45
0.49,1.27,3.74,-0.56,8.67
0.15,3.23,4.30,2.17,10.71
0.40,2.25,2.82,0.61,9.72
0.45,1.53,4.05,-0.02,9.17
0.65,-0.19,2.94,-3.50,5.83
0.69,-0.76,3.03,-4.35,4.98
0.67,-0.80,1.66,-3.82,5.52
0.70,-1.81,1.64,-4.52,4.81
0.63,-0.61,3.66,-3.10,6.23
0.47,1.77,3.85,-0.29,8.92
0.85,-4.04,0.08,-8.39,0.84
0.66,-1.10,2.20,-3.62,5.72
0.77,-2.50,2.12,-6.08,3.22
0.12,2.39,3.79,2.21,10.65
0.06,2.61,3.84,2.17,10.39
0.95,-6.00,-0.26,-11.36,-2.26
0.23,3.00,4.19,1.89,10.67
0.72,-1.36,2.20,-4.93,4.39
0.37,2.42,3.57,0.84,9.92
0.44,2.11,3.01,0.14,9.32
0.20,3.03,3.76,2.03,10.72
0.87,-4.47,0.89,-9.01,0.19
0.09,2.77,4.25,2.21,10.55
0.16,2.53,4.50,2.15,10.72
0.21,3.09,2.94,2.00,10.71
0.00,2.04,3.47,2.02,10.04
0.18,3.09,3.16,2.10,10.73
0.78,-2.38,1.60,-6.49,2.80
0.24,2.58,4.85,1.87,10.65
0.46,1.78,4.30,-0.15,9.05
0.51,0.93,3.60,-0.98,8.29
0.05,3.19,2.95,2.15,10.35
0.91,-4.91,0.57,-9.99,-0.83
0.38,2.12,3.30,0.77,9.86
0.59,0.63,2.86,-2.25,7.07
0.87,-4.41,0.80,-8.96,0.24
0.39,2.18,4.76,0.72,9.82
0.31,2.95,4.05,1.40,10.36
0.52,1.32,2.86,-1.07,8.20
0.91,-5.65,1.07,-10.18,-1.03
0.12,2.91,2.78,2.20,10.65
0.72,-2.17,1.52,-4.96,4.36
0.56,0.17,3.08,-1.74,7.56
0.59,0.33,2.78,-2.33,6.99
0.14,3.04,2.88,2.19,10.69
0.59,0.20,3.87,-2.22,7.10
0.89,-4.58,1.33,-9.60,-0.42
0.22,3.28,3.03,1.96,10.69
0.85,-4.41,0.00,-8.38,0.85
0.29,2.38,3.10,1.58,10.48
0.43,1.87,3.87,0.23,9.39
0.80,-3.21,1.83,-6.90,2.38
0.13,2.54,4.46,2.20,10.67
0.04,2.60,3.22,2.12,10.27
0.84,-3.58,1.02,-8.01,1.24
0.06,2.28,2.46,2.17,10.39
0.90,-5.27,0.88,-9.71,-0.53
0.12,3.25,4.12,2.21,10.64
0.32,2.71,4.58,1.34,10.31
0.48,1.27,3.32,-0.40,8.82
0.34,1.98,3.10,1.16,10.17
0.85,-4.08,1.31,-8.24,1.00
0.12,3.36,4.48,2.21,10.64
0.58,-0.03,2.94,-2.10,7.21
0.84,-4.09,0.91,-8.07,1.17
0.15,3.25,4.43,2.17,10.71
0.08,2.67,3.46,2.20,10.51
0.94,-6.62,-0.00,-11.18,-2.08
0.90,-5.65,1.16,-9.81,-0.64
0.56,0.37,3.33,-1.78,7.52
0.06,2.44,2.85,2.17,10.38
0.64,-0.49,3.19,-3.22,6.11
0.62,0.40,2.58,-2.73,6.59
0.86,-4.63,0.31,-8.60,0.62
0.52,0.57,2.98,-1.13,8.14
0.17,3.03,3.88,2.14,10.72
0.31,2.49,3.65,1.38,10.34
0.16,2.83,3.02,2.15,10.72
0.57,0.20,3.78,-1.91,7.40
0.93,-6.18,0.42,-10.59,-1.46
0.50,0.85,4.46,-0.76,8.49
0.39,2.56,2.86,0.67,9.77
0.26,3.08,4.04,1.73,10.58
0.55,0.97,3.13,-1.57,7.72
0.48,1.60,2.90,-0.44,8.79
0.22,3.02,4.54,1.97,10.70
0.15,3.36,4.55,2.17,10.70
0.24,2.52,4.78,1.88,10.66
0.32,2.41,4.65,1.36,10.32
0.40,1.67,4.52,0.55,9.67
0.99,-6.85,-0.01,-12.69,-3.68
0.41,2.46,3.69,0.39,9.54
0.41,1.67,3.16,0.40,9.54
0.27,2.43,3.48,1.70,10.56
0.37,2.51,3.04,0.92,9.98
0.06,2.32,3.97,2.17,10.40
0.93,-5.84,-0.05,-10.69,-1.56
0.25,2.35,3.10,1.81,10.63
0.04,2.43,2.57,2.13,10.28
0.58,0.70,3.50,-2.12,7.19
0.50,1.13,2.54,-0.77,8.48
0.06,3.04,3.53,2.17,10.41
0.82,-3.46,1.85,-7.61,1.64
0.55,0.97,3.86,-1.62,7.67
0.86,-4.58,0.95,-8.72,0.50
0.34,2.12,4.37,1.16,10.17
0.50,1.09,4.07,-0.80,8.45
0.21,2.64,4.00,1.99,10.71
0.87,-4.82,1.46,-8.78,0.44
0.08,2.59,3.63,2.20,10.50
0.82,-3.73,0.83,-7.48,1.79
0.57,0.53,3.08,-1.90,7.40
0.78,-2.89,2.25,-6.40,2.89
0.55,0.36,2.36,-1.54,7.76
0.67,-0.48,3.18,-3.83,5.50
0.66,-0.38,2.60,-3.59,5.74
0.95,-6.07,-0.63,-11.37,-2.28
1.00,-7.33,-1.48,-12.90,-3.89
0.53,1.25,3.79,-1.20,8.07
0.18,3.02,4.52,2.12,10.73
0.48,1.86,3.98,-0.42,8.81
0.82,-3.87,1.58,-7.43,1.84
0.05,2.73,4.04,2.15,10.34
0.31,2.68,4.81,1.42,10.37
0.67,-0.42,3.49,-3.88,5.45
0.31,2.55,3.35,1.42,10.37
0.02,2.15,2.37,2.09,10.18
0.62,0.10,3.52,-2.80,6.52
0.50,0.85,3.29,-0.74,8.51
0.40,1.92,4.23,0.55,9.67
0.86,-4.09,0.13,-8.60,0.63
0.49,1.53,3.46,-0.59,8.65
0.00,2.91,2.11,2.00,10.00
0.39,1.71,4.29,0.67,9.78
0.39,1.88,4.35,0.66,9.76
0.88,-4.85,0.75,-9.31,-0.12
0.39,2.38,4.42,0.64,9.75
0.59,0.23,3.38,-2.23,7.08
0.23,2.72,4.70,1.91,10.67
0.32,2.18,4.67,1.34,10.31
0.74,-1.62,2.90,-5.52,3.80
0.23,3.29,3.88,1.91,10.68
0.28,2.78,3.01,1.63,10.52
0.65,-0.60,2.46,-3.47,5.86
0.11,2.51,4.06,2.21,10.62
0.04,2.17,3.88,2.12,10.26
0.21,2.95,3.13,2.00,10.71
0.18,3.24,3.92,2.11,10.73
0.47,1.51,4.36,-0.36,8.86
0.69,-1.51,2.01,-4.32,5.01
0.50,1.58,4.46,-0.82,8.43
0.71,-1.50,3.00,-4.65,4.68
0.71,-1.95,1.38,-4.70,4.63
0.90,-5.69,0.41,-9.91,-0.75
0.50,1.15,3.71,-0.80,8.45
0.31,2.36,4.51,1.43,10.38
0.14,3.27,4.42,2.19,10.68
0.73,-1.45,2.50,-5.31,4.01
0.27,2.63,4.86,1.67,10.54
0.87,-4.88,-0.17,-9.04,0.17
0.73,-1.49,1.10,-5.18,4.14
0.91,-5.22,-0.66,-10.04,-0.88
0.13,2.97,3.04,2.20,10.67
0.27,2.71,3.15,1.68,10.55
0.37,2.33,3.74,0.90,9.97
0.16,2.93,3.12,2.15,10.72
0.83,-4.16,0.22,-7.81,1.44
0.68,-1.58,3.36,-4.14,5.19
0.85,-3.87,-0.02,-8.32,0.91
0.67,-0.51,3.13,-3.88,5.45
0.02,2.34,3.19,2.08,10.18
0.32,2.48,4.64,1.35,10.32
0.98,-6.74,0.02,-12.45,-3.42
0.30,2.39,4.54,1.47,10.41
0.19,3.17,4.21,2.08,10.73
0.38,2.53,3.87,0.77,9.86
0.62,0.09,1.98,-2.86,6.47
0.52,1.07,2.99,-1.07,8.20
0.06,2.54,2.32,2.17,10.39
0.74,-2.03,1.91,-5.34,3.98
0.06,2.29,2.58,2.17,10.39
0.99,-7.16,0.05,-12.64,-3.62
0.82,-3.92,1.31,-7.48,1.79
0.77,-2.53,1.96,-6.18,3.12
0.72,-1.35,2.33,-4.91,4.42
0.50,0.95,2.88,-0.82,8.43
0.62,-0.22,1.97,-2.80,6.52
0.85,-3.71,1.30,-8.21,1.03
0.06,3.02,2.82,2.18,10.43
0.69,-1.37,2.22,-4.19,5.14
0.20,3.21,4.71,2.04,10.72
0.33,2.94,3.31,1.23,10.23
0.81,-3.02,1.93,-7.21,2.07
0.14,3.04,3.83,2.19,10.69
0.99,-7.76,-0.41,-12.75,-3.74
0.40,1.83,3.96,0.52,9.65
0.63,-0.64,2.05,-3.09,6.24
0.40,2.41,3.23,0.58,9.70
0.60,0.29,2.53,-2.49,6.83
0.24,3.33,3.31,1.85,10.65
0.11,2.63,3.29,2.21,10.62
0.79,-3.13,0.79,-6.71,2.58
0.48,1.56,3.15,-0.51,8.72
0.91,-5.68,0.35,-9.97,-0.80
0.93,-6.03,-0.38,-10.69,-1.56
0.94,-5.88,-0.77,-10.98,-1.87
0.04,2.38,3.17,2.13,10.29
0.44,2.29,3.73,0.08,9.26
0.26,2.64,3.23,1.78,10.61
0.36,2.37,4.02,1.02,10.06
0.08,2.41,4.31,2.20,10.49
0.90,-4.64,-0.01,-9.69,-0.52
0.31,2.14,4.19,1.42,10.37
0.43,2.35,4.66,0.18,9.35
0.99,-7.34,-1.29,-12.81,-3.80
0.71,-1.42,1.54,-4.65,4.68
0.52,1.29,2.78,-1.11,8.16
0.81,-3.12,1.71,-7.26,2.01
0.25,3.11,4.56,1.82,10.63
0.56,0.54,3.27,-1.64,7.66
0.75,-2.60,2.25,-5.73,3.58
0.96,-6.25,0.03,-11.72,-2.65
0.48,1.23,4.09,-0.52,8.71
0.39,2.61,4.58,0.70,9.80
0.45,1.35,4.50,-0.09,9.11
0.53,0.87,2.60,-1.28,8.00
0.30,3.11,3.23,1.51,10.44
0.11,3.30,4.06,2.21,10.61
0.95,-6.54,0.22,-11.22,-2.12
0.01,2.20,2.19,2.03,10.07
0.94,-5.80,-1.19,-11.11,-2.00
0.69,-0.97,2.17,-4.34,4.99
0.72,-1.72,2.29,-4.96,4.36
0.18,2.76,3.45,2.10,10.73
0.18,3.35,4.62,2.10,10.73
0.20,2.50,3.11,2.04,10.72
0.85,-4.32,1.40,-8.40,0.83
0.16,3.00,2.89,2.16,10.72
0.74,-2.11,1.88,-5.48,3.84
0.65,-0.62,3.52,-3.50,5.83
0.73,-1.98,1.79,-5.11,4.22
0.69,-1.52,2.86,-4.35,4.98
0.04,3.14,3.52,2.13,10.29
0.07,2.34,4.37,2.19,10.47
0.45,1.85,4.22,-0.06,9.14
0.78,-2.91,1.93,-6.49,2.81
0.71,-1.77,3.19,-4.68,4.65
0.01,2.81,3.54,2.04,10.08
0.67,-1.32,2.79,-3.77,5.57
0.98,-6.90,-1.09,-12.19,-3.14
0.18,2.62,3.79,2.12,10.73
0.87,-4.12,1.14,-8.86,0.35
0.10,2.42,2.71,2.21,10.56
0.60,-0.29,3.55,-2.37,6.95
0.02,2.31,4.00,2.07,10.15
0.10,2.40,2.99,2.21,10.57
0.40,1.88,4.66,0.58,9.70
0.93,-5.75,0.39,-10.85,-1.73
0.49,1.09,2.93,-0.65,8.60
0.64,-0.50,2.81,-3.23,6.11
0.65,-0.42,3.35,-3.53,5.80
0.24,2.94,4.81,1.86,10.65
0.66,-0.88,2.08,-3.65,5.69
0.49,1.67,2.74,-0.60,8.64
0.98,-7.16,-1.57,-12.24,-3.20
0.18,2.83,4.16,2.10,10.73
0.50,1.51,2.68,-0.70,8.54
0.19,2.80,4.11,2.08,10.73
0.61,-0.40,3.30,-2.57,6.76
0.82,-3.05,1.25,-7.48,1.78
0.64,-0.71,3.53,-3.29,6.04
0.66,-1.11,2.08,-3.71,5.62
0.26,2.50,4.19,1.77,10.60
0.33,2.11,3.20,1.27,10.26
0.94,-6.15,-0.52,-11.17,-2.07
0.46,1.41,4.55,-0.12,9.08
0.55,0.82,2.80,-1.61,7.68
0.84,-4.29,1.67,-7.92,1.32
0.58,0.73,3.39,-2.12,7.20
0.60,-0.03,2.54,-2.52,6.81
0.65,-0.17,1.82,-3.53,5.80
0.59,0.11,2.59,-2.22,7.10
0.94,-6.00,-1.01,-11.06,-1.96
0.96,-6.61,0.35,-11.81,-2.74
0.29,2.58,4.38,1.57,10.47
0.63,-0.40,3.00,-2.93,6.39
0.16,2.71,4.09,2.16,10.71
0.17,3.39,3.76,2.14,10.72
0.20,2.93,4.60,2.03,10.72
0.54,0.43,3.91,-1.35,7.93
0.46,1.65,3.43,-0.17,9.04
0.66,-0.51,2.29,-3.68,5.66
0.05,2.80,4.18,2.16,10.37
0.24,3.31,3.85,1.88,10.66
0.40,2.52,4.24,0.60,9.71
0.42,1.47,3.04,0.30,9.45
0.67,-0.66,2.68,-3.90,5.44
0.43,1.66,3.54,0.23,9.39
0.52,0.56,2.51,-1.07,8.20
0.12,2.75,3.28,2.20,10.65
0.64,-0.47,2.33,-3.27,6.07
0.16,2.87,4.70,2.15,10.72
0.66,-0.83,3.36,-3.67,5.66
0.98,-7.22,-1.35,-12.22,-3.17
0.18,3.31,3.52,2.10,10.73
0.54,1.14,3.47,-1.41,7.88
0.62,0.19,2.70,-2.90,6.42
0.74,-2.33,1.02,-5.57,3.75
0.83,-3.18,1.96,-7.66,1.59
0.69,-1.46,2.81,-4.35,4.98
0.84,-3.32,0.83,-7.94,1.31
0.48,1.71,3.73,-0.44,8.79
0.39,2.51,3.83,0.65,9.75
0.05,3.20,3.58,2.15,10.33
0.83,-4.18,1.19,-7.80,1.45
0.96,-6.49,-0.08,-11.56,-2.48
0.86,-4.11,1.21,-8.61,0.62
0.33,2.71,3.75,1.21,10.21
0.90,-5.06,0.82,-9.67,-0.50
0.72,-1.75,2.18,-4.96,4.37
0.08,3.05,2.79,2.20,10.52
0.31,2.93,3.75,1.38,10.34
0.96,-6.88,-1.07,-11.59,-2.51
0.52,1.01,4.35,-1.13,8.14
0.08,2.65,3.71,2.20,10.49
0.32,2.83,4.47,1.33,10.30
0.03,2.93,2.94,2.11,10.23
0.84,-3.80,1.88,-7.96,1.28
0.54,1.05,3.44,-1.34,7.94
0.89,-4.91,1.21,-9.57,-0.39
0.37,1.83,3.74,0.90,9.97
0.01,2.71,2.27,2.05,10.11
0.27,2.88,3.15,1.68,10.55
0.67,-1.03,2.79,-3.75,5.58
0.10,3.27,2.83,2.21,10.58
0.90,-5.00,-0.07,-9.70,-0.52
0.30,2.35,3.14,1.48,10.42
0.37,2.46,4.83,0.92,9.98
0.68,-1.01,2.25,-4.13,5.20
0.46,1.41,3.97,-0.17,9.04
0.10,2.91,3.87,2.21,10.58
0.89,-4.99,-0.55,-9.51,-0.32
0.33,2.93,3.72,1.23,10.23
0.92,-5.90,0.05,-10.32,-1.18
0.96,-6.20,-0.30,-11.77,-2.70
0.25,2.42,3.41,1.81,10.62
0.27,3.14,2.96,1.69,10.56
0.81,-2.82,2.00,-7.27,2.00
0.35,2.60,4.01,1.06,10.10
0.84,-3.65,0.62,-7.92,1.33
0.54,0.42,2.36,-1.33,7.95
0.32,2.45,3.66,1.35,10.32
0.79,-2.49,2.34,-6.76,2.53
0.27,3.16,4.75,1.69,10.55
0.40,1.96,4.57,0.57,9.69
0.50,0.96,4.07,-0.68,8.57
0.95,-5.98,0.42,-11.48,-2.40
0.18,2.52,4.22,2.09,10.73
0.02,2.55,3.71,2.06,10.13
0.48,1.32,3.42,-0.43,8.79
0.08,2.61,2.99,2.20,10.51
0.96,-6.30,0.38,-11.54,-2.45
0.24,2.82,4.47,1.86,10.65
0.72,-1.19,2.20,-4.95,4.37
0.43,1.74,4.34,0.19,9.36
0.98,-7.48,-0.57,-12.46,-3.43
0.80,-2.55,0.61,-6.84,2.44
0.99,-7.06,-1.74,-12.54,-3.51
0.15,3.10,3.51,2.18,10.70
0.65,-0.69,2.01,-3.45,5.88
0.66,-0.34,2.23,-3.61,5.73
0.12,2.78,3.15,2.21,10.65
0.23,3.10,3.88,1.94,10.69
0.32,2.14,3.92,1.36,10.33
0.77,-2.53,0.87,-6.09,3.21
0.54,0.85,4.01,-1.33,7.96
0.47,1.51,3.66,-0.38,8.84
0.24,2.35,3.98,1.86,10.65
0.27,2.99,4.50,1.69,10.55
0.56,0.51,3.26,-1.70,7.59
0.16,2.76,3.60,2.16,10.71
0.36,2.69,3.56,1.02,10.06
0.79,-2.60,2.36,-6.62,2.67
0.81,-3.77,1.25,-7.24,2.03
0.46,1.71,3.81,-0.13,9.07
0.97,-7.12,0.04,-11.96,-2.90
0.10,3.16,2.65,2.21,10.58
0.33,2.34,3.14,1.24,10.24
0.60,0.47,3.92,-2.35,6.96
0.58,-0.03,2.82,-2.14,7.17
0.86,-4.06,0.59,-8.62,0.60
0.17,2.44,4.04,2.13,10.72
0.03,2.48,3.26,2.11,10.24
0.23,3.06,3.52,1.90,10.67
0.84,-3.51,0.38,-7.93,1.31
0.52,1.16,2.46,-1.01,8.26
0.38,1.87,3.99,0.76,9.85
0.72,-2.09,2.56,-5.09,4.24
0.32,2.87,4.67,1.31,10.29
0.01,2.58,2.60,2.05,10.11
0.31,2.75,3.34,1.40,10.36
0.70,-1.25,2.71,-4.55,4.78
0.73,-1.34,1.35,-5.16,4.16
0.80,-2.81,1.08,-7.09,2.19
0.75,-2.35,1.53,-5.59,3.73
0.81,-3.23,1.25,-7.30,1.96
0.02,3.06,2.33,2.06,10.13
0.07,3.07,3.45,2.18,10.44
0.18,2.58,4.12,2.10,10.73
0.72,-1.66,1.39,-5.08,4.25
0.75,-1.75,2.66,-5.75,3.56
0.77,-3.02,1.99,-6.25,3.05
0.93,-6.11,-1.10,-10.80,-1.68
0.02,2.51,3.13,2.07,10.15
0.44,1.59,3.77,0.13,9.30
0.18,2.65,3.08,2.12,10.73
0.09,2.66,3.43,2.21,10.54
0.51,0.69,2.67,-0.91,8.35
0.38,2.10,4.22,0.80,9.88
0.30,2.88,4.18,1.50,10.43
0.92,-5.79,-0.80,-10.44,-1.31
0.94,-6.42,0.07,-10.93,-1.82
0.96,-6.15,-0.48,-11.74,-2.67
0.63,-0.65,2.22,-3.03,6.30
0.07,3.05,3.18,2.18,10.44
0.33,2.90,4.58,1.25,10.24
0.07,2.61,2.73,2.18,10.44
0.84,-4.28,0.40,-8.00,1.25
0.47,1.52,3.20,-0.38,8.84
0.39,2.20,4.23,0.69,9.79
0.87,-4.47,1.25,-8.94,0.26
0.82,-3.88,1.78,-7.37,1.89
0.85,-3.74,1.84,-8.25,0.99
0.52,0.69,3.42,-1.04,8.23
0.99,-7.28,-1.77,-12.51,-3.49
0.22,2.79,2.95,1.95,10.69
0.22,2.44,3.49,1.98,10.70
0.85,-4.59,0.08,-8.38,0.86
0.65,-0.78,1.78,-3.45,5.89
0.59,0.75,3.09,-2.17,7.15
0.86,-4.58,0.72,-8.53,0.70
0.65,-0.35,1.71,-3.37,5.97
0.85,-4.53,1.49,-8.35,0.88
0.07,2.95,2.70,2.19,10.45
0.01,2.91,2.89,2.03,10.05
0.96,-6.12,-0.36,-11.60,-2.52
0.84,-3.69,1.99,-7.97,1.27
0.81,-3.56,0.94,-7.12,2.16
0.17,2.63,3.80,2.14,10.72
0.34,2.55,4.68,1.15,10.16
0.98,-6.53,-1.10,-12.20,-3.16
0.63,-0.13,3.32,-3.01,6.32
0.28,2.74,3.16,1.65,10.53
0.86,-4.29,1.29,-8.68,0.53
0.08,3.13,3.72,2.20,10.50
0.89,-5.11,-0.40,-9.48,-0.30
0.31,2.18,4.24,1.40,10.35
0.74,-1.74,1.24,-5.47,3.85
0.15,3.18,3.16,2.16,10.71
0.91,-5.70,-0.40,-10.01,-0.85
0.25,2.93,3.60,1.79,10.61
0.38,2.62,4.57,0.82,9.90
0.62,-0.04,3.14,-2.76,6.56
0.25,3.25,3.76,1.83,10.63
0.34,2.16,4.50,1.17,10.19
0.38,2.59,4.31,0.81,9.89
0.52,0.91,3.74,-1.13,8.15
0.99,-7.23,-1.18,-12.76,-3.75
0.07,3.21,3.90,2.19,10.47
0.95,-5.93,-0.61,-11.20,-2.10
0.12,3.27,2.68,2.20,10.65
0.09,2.76,3.45,2.21,10.55
0.71,-1.81,2.03,-4.67,4.66
0.05,2.26,3.73,2.15,10.34
0.78,-3.15,2.57,-6.43,2.86
0.62,0.28,3.83,-2.76,6.57
0.52,0.74,4.20,-0.99,8.27
0.66,-0.77,1.75,-3.74,5.60
0.62,-0.12,2.11,-2.82,6.50
0.66,-0.72,1.78,-3.64,5.70
0.38,2.01,4.73,0.81,9.89
0.59,0.36,3.56,-2.29,7.03
0.29,2.23,4.68,1.56,10.47
0.85,-3.80,1.48,-8.27,0.96
0.64,-0.89,2.78,-3.32,6.02
0.17,3.33,4.28,2.13,10.72
0.39,1.99,3.71,0.63,9.74
0.03,2.92,2.55,2.10,10.22
0.81,-3.31,1.99,-7.15,2.13
0.17,2.63,2.94,2.13,10.72
0.63,0.15,3.04,-3.03,6.30
0.83,-4.04,0.89,-7.83,1.42
0.04,2.91,3.52,2.12,10.27
0.13,2.47,3.47,2.20,10.67
0.56,0.43,3.46,-1.65,7.65
0.91,-5.25,-0.04,-10.12,-0.97
0.96,-6.33,-0.32,-11.66,-2.58
0.08,3.25,3.91,2.20,10.49
0.94,-5.57,-0.74,-10.95,-1.84
0.05,2.43,3.35,2.15,10.34
0.17,2.84,3.81,2.14,10.72
0.41,1.98,4.45,0.45,9.59
0.92,-5.84,-0.12,-10.52,-1.38
0.09,2.47,4.00,2.20,10.52
0.23,2.79,4.23,1.93,10.68
0.66,-0.44,3.55,-3.65,5.69
0.83,-3.91,1.84,-7.75,1.50
0.84,-4.23,1.82,-8.14,1.10
0.74,-1.58,2.44,-5.52,3.79
0.98,-6.61,-0.52,-12.35,-3.32
0.57,0.78,3.15,-1.84,7.46
0.95,-6.60,0.50,-11.32,-2.23
0.94,-5.69,0.37,-11.09,-1.98
0.30,2.80,3.93,1.49,10.42
0.01,2.35,3.23,2.02,10.05
0.96,-6.57,0.53,-11.65,-2.58
0.35,1.98,4.73,1.06,10.09
0.67,-0.78,1.95,-3.95,5.38
0.33,2.99,3.13,1.24,10.24
0.26,3.05,4.79,1.76,10.59
0.16,2.88,3.93,2.16,10.71
0.81,-3.55,1.11,-7.19,2.08
0.07,2.97,3.56,2.19,10.48
0.94,-5.82,-0.44,-11.13,-2.03
0.80,-3.08,2.02,-7.02,2.26
0.18,3.13,4.03,2.09,10.73
0.39,2.58,4.26,0.65,9.76
0.81,-2.99,1.92,-7.29,1.98
0.87,-4.44,0.24,-8.81,0.40
0.42,2.27,3.87,0.33,9.48
0.77,-3.01,1.28,-6.20,3.11
0.84,-3.39,0.22,-8.05,1.19
0.59,0.06,2.77,-2.26,7.06
0.67,-1.36,2.84,-3.85,5.48
0.33,2.91,3.12,1.24,10.24
0.10,2.76,4.15,2.21,10.59
0.10,3.20,3.51,2.21,10.58
0.59,0.19,2.46,-2.25,7.07
0.19,3.02,3.54,2.06,10.72
0.27,3.10,4.31,1.68,10.55
0.72,-1.32,2.66,-4.92,4.40
0.38,2.34,3.88,0.82,9.90
0.28,3.17,4.31,1.64,10.52
0.74,-2.32,1.19,-5.56,3.76
0.83,-3.80,1.39,-7.64,1.62
0.46,1.33,3.31,-0.19,9.02
0.64,-0.13,2.22,-3.19,6.14
0.00,2.81,3.42,2.01,10.02
0.35,2.44,4.30,1.08,10.11
0.51,1.24,2.83,-0.85,8.41
0.10,3.24,2.92,2.21,10.57
0.78,-2.34,0.95,-6.37,2.93
0.53,1.22,2.47,-1.23,8.04
0.19,3.38,2.92,2.06,10.72
0.97,-7.04,-1.21,-12.12,-3.07
0.44,2.12,4.43,0.03,9.22
0.24,2.48,2.88,1.87,10.65
0.52,1.46,3.30,-1.03,8.24
0.62,0.35,2.86,-2.73,6.59
0.09,2.42,3.43,2.21,10.54
0.36,2.60,2.89,0.94,10.00
0.63,-0.07,2.89,-3.02,6.31
0.71,-1.49,3.05,-4.84,4.49
0.49,1.39,2.75,-0.60,8.64
0.57,0.04,3.50,-1.96,7.35
0.89,-5.16,0.60,-9.58,-0.40
0.82,-3.33,0.21,-7.62,1.64
0.49,1.12,4.47,-0.56,8.68
0.84,-4.12,1.76,-8.16,1.08
0.64,-0.52,2.93,-3.20,6.13
0.39,2.36,3.99,0.64,9.75
0.04,2.93,3.00,2.12,10.27
0.28,2.91,3.91,1.66,10.53
0.15,3.09,3.68,2.17,10.71
0.70,-1.92,1.37,-4.61,4.71
0.18,3.35,4.12,2.11,10.73
0.45,1.62,2.91,-0.04,9.15
0.32,2.45,4.77,1.36,10.32
0.15,2.87,3.89,2.18,10.70
0.76,-2.19,2.64,-5.92,3.38
0.15,2.73,3.71,2.18,10.70
0.92,-5.53,0.45,-10.27,-1.12
0.20,2.72,4.27,2.04,10.72
0.71,-1.48,1.97,-4.71,4.61
0.90,-4.80,0.80,-9.80,-0.63
0.55,0.28,2.60,-1.56,7.74
0.04,2.74,3.66,2.13,10.29
0.27,2.36,4.01,1.71,10.57
0.56,0.69,2.62,-1.80,7.50
0.69,-0.96,1.68,-4.37,4.96
0.07,2.94,3.37,2.19,10.47
0.85,-3.89,1.71,-8.19,1.05
0.33,2.28,3.75,1.28,10.26
0.46,1.24,2.88,-0.12,9.08
0.72,-1.82,1.39,-4.88,4.45
0.13,2.85,4.03,2.20,10.68
0.00,2.07,3.94,2.01,10.02
0.94,-6.17,0.25,-10.97,-1.85
0.94,-5.60,-0.27,-11.08,-1.97
0.73,-2.28,1.29,-5.16,4.16
0.75,-2.12,2.71,-5.66,3.65
0.80,-2.94,0.83,-6.93,2.35
0.28,2.94,4.49,1.61,10.50
0.36,2.25,3.55,0.93,9.99
0.62,-0.10,3.68,-2.87,6.46
0.41,2.22,4.63,0.40,9.54
0.15,2.71,4.48,2.18,10.70
0.49,1.25,2.73,-0.65,8.59
0.17,2.85,4.28,2.13,10.72
0.17,2.68,3.36,2.12,10.73
0.69,-1.07,2.76,-4.19,5.14
0.50,1.46,3.69,-0.78,8.47
0.72,-1.70,1.80,-5.01,4.32
0.99,-7.41,-0.74,-12.68,-3.67
0.82,-3.36,1.00,-7.50,1.76
0.22,2.74,4.31,1.95,10.69
0.38,1.96,4.04,0.75,9.84
0.82,-3.46,0.30,-7.52,1.75
0.39,2.24,2.83,0.66,9.77
0.09,2.38,3.12,2.21,10.56
0.03,2.46,3.24,2.10,10.22
0.55,0.88,4.18,-1.47,7.82
0.80,-2.93,1.22,-6.97,2.31
0.14,3.25,3.02,2.19,10.69
0.93,-5.67,-0.45,-10.69,-1.56
0.45,1.32,4.62,-0.07,9.12
0.12,3.25,4.50,2.20,10.65
0.28,3.15,4.21,1.65,10.53
0.36,2.10,4.37,0.96,10.01
0.98,-6.82,-1.52,-12.43,-3.40
0.71,-1.63,1.62,-4.78,4.54
0.56,0.56,2.46,-1.68,7.62
0.23,2.49,3.69,1.92,10.68
0.28,2.30,3.52,1.61,10.50
0.03,2.44,2.30,2.11,10.23
0.37,2.66,3.71,0.85,9.93
0.07,2.41,2.73,2.18,10.44
0.33,2.71,4.69,1.23,10.23
0.22,2.70,4.59,1.97,10.70
0.47,1.87,2.82,-0.33,8.88
0.15,3.14,3.77,2.17,10.70
0.64,-0.00,1.75,-3.27,6.06
0.62,0.19,2.81,-2.87,6.45
0.44,1.68,3.53,0.13,9.31
0.51,1.03,4.21,-0.92,8.34
0.67,-1.25,2.20,-3.91,5.42
0.62,0.33,3.80,-2.73,6.59
0.48,1.52,2.70,-0.43,8.80
0.27,2.34,4.18,1.68,10.55
0.49,1.28,3.83,-0.59,8.65
0.79,-2.97,1.41,-6.81,2.47
0.40,2.28,2.98,0.53,9.65
0.87,-5.01,1.52,-9.01,0.20
0.46,1.67,4.56,-0.17,9.04
0.03,2.35,3.70,2.09,10.19
0.34,2.81,3.42,1.18,10.19
0.68,-0.86,2.78,-4.07,5.27
0.36,2.74,4.25,1.01,10.05
0.97,-6.30,-1.55,-11.95,-2.89
0.21,2.85,3.08,2.00,10.71
0.54,0.79,3.94,-1.38,7.90
0.94,-6.03,-0.72,-10.91,-1.79
0.37,2.00,3.92,0.92,9.98
0.33,2.39,3.86,1.26,10.25
0.11,2.60,4.18,2.21,10.61
0.99,-7.16,-0.12,-12.73,-3.71
0.42,1.94,3.53,0.27,9.43
0.60,-0.20,3.80,-2.53,6.79
0.60,0.11,2.79,-2.53,6.79
0.06,2.65,2.45,2.17,10.38
0.85,-3.93,0.53,-8.34,0.89
0.08,3.23,4.12,2.20,10.50
0.50,0.77,3.95,-0.73,8.52
0.49,0.90,2.88,-0.67,8.57
0.60,0.57,3.64,-2.41,6.91
0.02,2.19,3.45,2.08,10.16
0.74,-2.48,2.11,-5.50,3.81
0.14,2.65,4.11,2.18,10.70
0.75,-1.75,1.62,-5.66,3.66
0.66,-0.89,2.61,-3.74,5.60
0.99,-7.36,-0.42,-12.56,-3.53
0.71,-1.81,2.83,-4.78,4.55
0.22,2.89,3.74,1.96,10.70
0.48,1.84,4.04,-0.49,8.74
0.26,2.73,3.05,1.78,10.61
0.06,2.51,3.18,2.17,10.40
0.79,-2.92,1.27,-6.75,2.53
0.03,2.83,3.88,2.11,10.23
0.29,2.53,4.41,1.59,10.49
0.44,1.70,3.07,0.08,9.26
0.73,-2.32,2.23,-5.19,4.13
0.84,-3.74,0.63,-7.98,1.27
0.73,-1.87,2.07,-5.18,4.15
0.03,3.09,3.64,2.10,10.21
0.09,3.21,3.13,2.20,10.53
0.79,-2.53,1.80,-6.61,2.68
0.94,-6.13,-0.92,-10.96,-1.85
0.48,1.42,3.37,-0.47,8.76
0.35,2.76,4.60,1.03,10.07
0.30,2.38,3.26,1.46,10.40
0.54,1.01,3.01,-1.40,7.89
0.56,0.79,3.25,-1.65,7.64
0.76,-2.84,1.52,-6.02,3.28
0.70,-1.00,1.38,-4.55,4.78
0.90,-5.37,1.07,-9.74,-0.57
0.06,2.97,3.29,2.18,10.41
0.25,3.22,3.58,1.82,10.63
0.89,-4.59,0.30,-9.40,-0.21
0.07,2.74,3.10,2.19,10.46
0.12,2.71,4.42,2.21,10.63
0.99,-6.89,-0.42,-12.69,-3.67
0.54,0.54,3.71,-1.42,7.87
0.73,-1.62,2.78,-5.23,4.09
0.40,2.07,4.12,0.54,9.66
0.34,2.69,4.16,1.19,10.20
0.16,2.83,3.26,2.15,10.72
0.56,0.45,3.55,-1.67,7.63
0.18,3.07,3.19,2.10,10.73
0.14,2.98,3.31,2.18,10.69
0.94,-6.40,0.43,-11.14,-2.04
0.43,1.75,3.83,0.19,9.36
0.55,1.17,3.44,-1.54,7.75
0.99,-6.76,-0.05,-12.50,-3.47
0.03,2.75,3.85,2.11,10.24
0.68,-1.18,2.11,-4.06,5.27
0.52,1.07,2.49,-1.12,8.15
0.90,-4.82,0.01,-9.77,-0.60
0.59,0.09,3.13,-2.31,7.01
0.98,-6.50,-1.12,-12.28,-3.24
0.79,-2.37,1.04,-6.63,2.66
0.18,2.95,4.61,2.11,10.73
0.34,2.23,3.01,1.13,10.15
0.69,-1.05,1.71,-4.36,4.97
0.88,-4.29,-0.35,-9.19,0.01
0.90,-5.69,-0.05,-9.88,-0.71
0.24,3.06,4.08,1.85,10.65
0.39,2.22,4.73,0.69,9.79
0.83,-3.37,0.92,-7.70,1.56
0.71,-1.46,1.83,-4.76,4.57
0.61,-0.07,3.77,-2.55,6.77
0.18,3.40,4.39,2.12,10.73
0.11,2.78,2.80,2.21,10.61
0.31,2.69,4.42,1.43,10.38
0.07,2.41,4.01,2.18,10.44
0.10,3.28,3.39,2.21,10.56
0.95,-5.93,-1.03,-11.25,-2.15
0.28,3.05,3.02,1.63,10.52
0.88,-4.34,0.44,-9.16,0.04
0.42,2.32,4.25,0.28,9.44
0.46,1.25,3.06,-0.14,9.06
0.74,-1.86,2.86,-5.51,3.80
0.05,2.59,2.60,2.16,10.35
0.40,2.13,4.16,0.60,9.72
0.40,2.14,2.80,0.53,9.65
0.87,-4.14,1.43,-8.97,0.24
0.93,-6.17,-0.24,-10.70,-1.57
0.83,-3.96,1.23,-7.80,1.46
0.79,-3.32,1.78,-6.70,2.59
0.39,1.70,2.92,0.66,9.77
0.04,3.11,3.04,2.12,10.25
0.76,-2.30,0.99,-5.81,3.50
0.86,-4.56,0.49,-8.54,0.68
0.34,2.39,3.81,1.14,10.16
0.01,2.38,2.06,2.03,10.05
0.29,2.41,3.79,1.57,10.48
0.35,1.93,3.93,1.10,10.13
0.54,0.83,3.25,-1.39,7.89
0.79,-2.78,1.86,-6.76,2.52
0.78,-2.88,0.85,-6.50,2.79
0.65,-0.27,3.55,-3.40,5.94
0.53,0.53,3.87,-1.27,8.01
0.65,-0.31,2.75,-3.49,5.84
0.41,2.29,4.35,0.46,9.60
0.48,1.46,3.03,-0.46,8.77
0.65,-0.80,3.52,-3.41,5.92
0.70,-1.32,1.76,-4.57,4.76
0.73,-1.92,2.12,-5.14,4.18
0.23,3.25,3.64,1.91,10.68
0.11,2.42,3.65,2.21,10.63
0.31,2.95,3.07,1.43,10.38
0.75,-2.62,1.31,-5.80,3.51
0.62,0.02,3.76,-2.78,6.55
0.50,0.83,3.73,-0.74,8.51
0.05,2.40,3.99,2.15,10.34
0.92,-5.19,-0.67,-10.45,-1.31
0.14,2.60,3.40,2.18,10.69
0.28,3.02,4.55,1.62,10.51
0.90,-5.44,0.56,-9.73,-0.56
0.55,0.45,2.81,-1.62,7.68
0.28,2.55,4.49,1.66,10.53
0.04,2.58,2.76,2.12,10.26
0.48,1.07,3.60,-0.44,8.79
0.30,2.75,4.77,1.48,10.42
0.52,1.44,3.29,-1.10,8.18
0.17,2.91,3.90,2.13,10.72
0.65,-0.05,1.92,-3.34,5.99
0.27,2.30,4.75,1.67,10.54
0.12,3.01,3.86,2.21,10.64
0.06,2.31,3.75,2.17,10.41
0.45,1.38,3.47,-0.04,9.15
0.76,-2.81,1.10,-6.03,3.27
0.44,1.92,3.30,0.09,9.27
0.52,0.74,2.51,-1.05,8.22
0.31,2.97,4.66,1.43,10.38
0.69,-1.46,1.79,-4.39,4.94
0.44,1.71,4.60,0.13,9.30
0.94,-5.81,-0.67,-10.94,-1.82
0.71,-1.26,2.15,-4.63,4.70
0.95,-6.19,-0.06,-11.47,-2.39
0.16,3.39,3.10,2.16,10.72
0.73,-2.05,2.54,-5.10,4.22
0.78,-2.78,2.34,-6.51,2.78
0.56,0.29,2.62,-1.76,7.55
0.85,-4.32,1.52,-8.28,0.95
0.10,2.53,3.48,2.21,10.57
0.35,2.62,3.69,1.10,10.13
0.87,-4.08,-0.27,-8.77,0.45
0.96,-6.43,-0.28,-11.52,-2.43
0.87,-4.95,0.51,-8.98,0.22
0.56,0.91,4.10,-1.70,7.60
0.48,1.84,3.61,-0.46,8.77
0.21,2.67,4.50,1.98,10.70
0.08,2.71,3.68,2.20,10.51
0.16,2.78,3.30,2.15,10.72
0.85,-3.54,1.51,-8.23,1.01
0.77,-2.64,1.12,-6.22,3.08
0.18,3.27,3.73,2.10,10.73
0.56,0.26,3.07,-1.74,7.56
0.37,1.92,4.29,0.84,9.92
0.64,-0.15,2.66,-3.15,6.18
0.66,-0.74,3.48,-3.56,5.77
0.42,1.62,4.29,0.37,9.51
0.66,-0.85,1.82,-3.66,5.67
0.71,-1.79,1.71,-4.81,4.51
0.48,1.50,3.16,-0.43,8.80
0.72,-1.35,3.05,-5.07,4.25
0.63,-0.42,3.12,-3.12,6.21
0.99,-6.89,-0.04,-12.76,-3.74
0.58,0.32,2.87,-2.03,7.28
0.93,-5.73,0.54,-10.57,-1.44
0.44,1.51,2.96,0.06,9.24
0.49,1.32,4.37,-0.58,8.66
0.21,3.30,3.08,2.02,10.71
0.05,2.37,4.07,2.15,10.33
0.12,3.09,4.02,2.21,10.64
0.48,1.07,2.84,-0.40,8.83
0.87,-4.69,0.61,-9.03,0.17
0.10,2.98,2.71,2.21,10.57
0.61,0.26,3.02,-2.64,6.68
0.54,0.54,2.36,-1.33,7.95
0.68,-0.78,2.86,-4.10,5.24
0.40,2.33,4.40,0.57,9.69
0.34,2.77,4.25,1.15,10.16
0.33,2.21,4.81,1.27,10.26
0.49,1.69,2.63,-0.66,8.58
0.54,0.76,3.37,-1.39,7.90
0.10,3.07,3.86,2.21,10.59
0.77,-2.32,1.43,-6.25,3.04
0.92,-5.13,-0.24,-10.38,-1.24
0.52,1.31,4.21,-1.00,8.27
0.22,2.99,3.10,1.95,10.69
0.83,-3.84,1.06,-7.70,1.56
0.54,0.65,3.80,-1.33,7.95
0.44,1.90,3.41,0.10,9.27
0.72,-2.08,2.51,-5.04,4.28
0.59,-0.06,3.10,-2.19,7.12
0.92,-6.00,0.60,-10.53,-1.39
0.94,-6.18,-0.05,-10.97,-1.85
0.37,2.60,3.98,0.86,9.93
0.77,-2.93,1.68,-6.21,3.09
0.91,-4.94,0.21,-10.18,-1.03
0.54,0.36,2.48,-1.35,7.94
0.59,0.67,3.68,-2.31,7.01
0.15,2.44,3.29,2.18,10.70
0.60,0.29,3.81,-2.37,6.95
0.10,3.11,3.23,2.21,10.57
0.63,-0.16,2.27,-3.03,6.30
0.13,2.60,2.88,2.20,10.67
0.30,2.36,4.30,1.47,10.41
0.69,-1.40,1.48,-4.25,5.08
0.02,3.04,3.58,2.09,10.19
0.67,-1.03,1.90,-3.81,5.52
0.12,2.43,2.88,2.21,10.63
0.78,-2.42,1.84,-6.47,2.82
0.06,2.53,3.08,2.18,10.41
0.83,-4.03,1.84,-7.83,1.42
0.22,3.27,2.91,1.95,10.69
0.41,1.75,3.17,0.41,9.55
0.80,-3.38,0.66,-6.87,2.41
0.47,1.61,3.48,-0.29,8.93
0.88,-5.03,-0.11,-9.11,0.09
0.48,1.17,4.32,-0.47,8.76
0.79,-3.08,1.61,-6.61,2.68
0.79,-3.13,1.56,-6.77,2.52
0.33,2.81,3.49,1.24,10.24
0.48,1.02,4.49,-0.48,8.75
0.60,-0.29,3.16,-2.44,6.88
0.80,-3.24,0.44,-7.01,2.27
0.66,-1.01,1.80,-3.61,5.72
0.85,-3.82,-0.11,-8.37,0.86
0.48,1.94,3.81,-0.44,8.79
0.14,2.92,3.12,2.19,10.69
0.28,2.57,3.51,1.60,10.49
0.15,2.59,4.13,2.17,10.70
0.13,3.28,4.11,2.20,10.66
0.94,-6.23,0.53,-10.95,-1.84
0.48,1.53,2.84,-0.51,8.72
0.11,3.12,3.80,2.21,10.60
0.48,1.45,3.39,-0.47,8.76
0.67,-0.44,2.54,-3.78,5.55
0.63,-0.35,3.55,-2.92,6.41
0.57,0.28,2.50,-1.92,7.39
0.27,2.37,3.69,1.68,10.55
0.20,2.51,4.03,2.05,10.72
0.63,-0.72,2.40,-3.09,6.24
0.77,-3.03,1.62,-6.27,3.03
0.83,-3.19,0.39,-7.64,1.61
0.45,1.52,3.34,-0.09,9.11
0.66,-1.07,3.54,-3.57,5.76
0.22,2.96,3.80,1.95,10.69
0.58,-0.17,3.80,-2.16,7.15
0.72,-2.02,1.18,-5.07,4.25
0.84,-3.57,1.73,-8.12,1.12
0.11,2.65,4.09,2.21,10.60
0.26,2.82,3.61,1.78,10.61
0.34,2.91,4.56,1.14,10.16
0.52,0.63,4.19,-1.01,8.26
0.46,1.72,2.75,-0.19,9.02
0.96,-7.04,-0.19,-11.76,-2.69
0.81,-2.86,1.62,-7.12,2.15
0.09,2.93,3.62,2.21,10.54
0.69,-1.40,2.33,-4.20,5.13
0.88,-5.17,0.33,-9.19,0.01
0.90,-4.80,-0.21,-9.81,-0.64
0.85,-4.01,1.62,-8.27,0.96
0.44,1.84,4.41,0.13,9.31
0.05,2.74,2.29,2.15,10.34
0.73,-1.70,2.95,-5.32,4.00
0.62,-0.50,3.64,-2.73,6.59
0.48,1.00,3.58,-0.44,8.78
0.43,2.03,3.17,0.23,9.39
0.63,-0.56,2.56,-2.97,6.36
0.96,-6.66,0.15,-11.62,-2.55
0.17,2.71,2.76,2.14,10.72
0.29,2.52,4.80,1.58,10.48
0.53,0.57,2.95,-1.22,8.06
0.25,2.33,4.29,1.80,10.62
0.50,1.25,2.65,-0.80,8.46
0.99,-7.52,0.01,-12.73,-3.71
0.29,2.52,4.42,1.55,10.46
0.07,3.07,3.07,2.18,10.44
0.47,2.05,4.43,-0.28,8.93
0.41,1.92,3.77,0.48,9.61
0.09,2.59,2.58,2.21,10.54
0.02,2.88,3.54,2.08,10.17
0.71,-1.10,2.63,-4.74,4.59
0.52,1.11,3.67,-1.07,8.20
0.91,-5.42,-0.20,-10.14,-0.99
0.52,0.66,3.18,-1.10,8.18
0.50,1.65,3.51,-0.77,8.48
0.61,-0.27,2.58,-2.65,6.67
0.03,2.70,2.42,2.10,10.21
0.63,-0.03,3.52,-3.03,6.30
0.61,-0.00,3.39,-2.68,6.64
0.27,2.89,4.81,1.72,10.57
0.45,1.49,4.13,-0.06,9.13
0.70,-1.14,2.92,-4.47,4.86
0.64,-0.27,3.43,-3.28,6.05
0.36,2.17,4.24,0.95,10.00
0.79,-3.16,2.34,-6.74,2.55
0.25,2.99,4.13,1.82,10.63
0.55,1.08,2.66,-1.62,7.68
0.22,2.39,3.88,1.98,10.70
0.49,0.92,4.46,-0.54,8.70
0.28,3.22,4.31,1.65,10.53
0.47,1.21,3.55,-0.37,8.85
0.97,-6.80,-1.56,-12.06,-3.01
0.26,3.22,3.64,1.74,10.58
0.19,2.95,3.19,2.07,10.72
0.62,0.03,2.55,-2.90,6.43
0.97,-6.29,-0.71,-11.95,-2.89
0.58,0.83,2.48,-2.06,7.25
0.55,0.31,2.92,-1.63,7.67
0.92,-5.16,0.45,-10.34,-1.20
0.57,0.90,3.05,-1.81,7.49
0.33,2.96,3.70,1.25,10.24
0.15,2.87,2.91,2.18,10.70
0.66,-0.34,2.03,-3.60,5.74
0.20,2.86,3.40,2.04,10.72
0.54,0.49,2.40,-1.37,7.92
0.95,-6.20,-0.12,-11.22,-2.12
0.47,1.62,4.46,-0.35,8.87
0.76,-2.81,2.47,-5.98,3.33
0.40,1.77,3.22,0.55,9.67
0.17,2.89,4.69,2.13,10.72
0.85,-4.08,1.35,-8.39,0.84
0.15,2.53,3.93,2.17,10.71
0.03,2.66,2.54,2.11,10.23
0.94,-6.10,-0.77,-11.16,-2.06
0.28,3.01,4.55,1.66,10.53
0.17,2.84,4.09,2.12,10.73
0.21,2.90,3.78,2.02,10.71
0.85,-3.90,0.33,-8.37,0.86
0.07,2.98,3.07,2.19,10.46
0.32,2.59,4.48,1.37,10.33
0.23,2.61,3.71,1.93,10.68
0.08,2.43,3.69,2.20,10.51
0.30,2.92,4.18,1.50,10.43
0.39,2.12,4.44,0.62,9.73
0.01,2.16,3.58,2.03,10.06
0.55,1.24,3.84,-1.47,7.82
0.16,3.33,3.88,2.16,10.72
0.82,-3.60,0.51,-7.39,1.88
0.61,0.23,3.37,-2.59,6.74
0.36,1.91,3.55,0.96,10.01
0.72,-1.55,1.64,-4.94,4.39
0.37,2.64,3.24,0.88,9.95
0.14,2.83,3.35,2.19,10.68
0.83,-3.22,0.91,-7.73,1.53
0.12,2.89,3.52,2.21,10.64
0.81,-3.42,1.76,-7.21,2.06
0.11,2.77,4.15,2.21,10.62
0.41,2.35,3.58,0.41,9.55
0.10,3.28,4.01,2.21,10.59
0.87,-4.09,1.20,-9.00,0.20
0.80,-2.72,1.33,-6.96,2.32
0.48,1.33,2.94,-0.47,8.76
0.99,-7.40,-0.04,-12.56,-3.53
0.84,-3.80,0.08,-7.92,1.32
0.82,-3.15,1.66,-7.60,1.66
0.40,2.23,3.34,0.54,9.66
0.08,2.87,3.74,2.20,10.51
0.62,0.21,1.93,-2.79,6.53
0.06,2.60,3.37,2.18,10.42
0.34,2.37,4.60,1.21,10.21
0.49,1.81,3.43,-0.57,8.67
0.88,-4.43,1.33,-9.18,0.02
0.12,3.08,4.00,2.21,10.63
0.02,2.74,3.92,2.09,10.18
0.40,2.62,3.50,0.60,9.71
0.77,-2.68,2.50,-6.17,3.13
0.52,0.53,2.73,-1.11,8.16
0.05,2.96,3.36,2.15,10.33
0.09,3.14,4.21,2.21,10.55
0.05,3.02,3.78,2.15,10.34
0.62,-0.20,3.29,-2.81,6.52
0.26,2.37,3.82,1.76,10.59
0.01,2.80,2.40,2.04,10.08
0.84,-4.32,0.91,-8.12,1.12
0.67,-0.94,2.78,-3.83,5.50
0.09,3.27,2.82,2.20,10.53
0.50,0.83,2.66,-0.68,8.57
0.45,1.45,4.47,-0.02,9.17
0.53,0.59,3.00,-1.29,8.00
0.24,2.89,3.10,1.85,10.65
0.90,-5.58,1.24,-9.85,-0.68
0.25,3.00,3.77,1.83,10.64
0.91,-5.02,-0.77,-9.98,-0.82
0.91,-4.93,1.02,-10.08,-0.92
0.32,2.09,3.06,1.31,10.29
0.34,2.82,2.96,1.16,10.18
0.13,2.99,3.27,2.20,10.68
0.83,-3.71,1.82,-7.75,1.51
0.96,-6.29,0.08,-11.83,-2.76
0.47,1.96,3.67,-0.33,8.89
0.94,-5.81,0.10,-11.03,-1.92
0.12,3.08,3.62,2.21,10.65
0.97,-6.77,0.11,-11.89,-2.83
0.69,-1.24,2.41,-4.35,4.98
0.03,2.94,3.73,2.11,10.24
0.66,-1.02,3.41,-3.68,5.65
0.80,-2.66,2.11,-7.04,2.24
0.55,0.83,3.49,-1.60,7.70
0.40,2.48,3.64,0.55,9.67
0.61,-0.18,2.46,-2.70,6.63
0.86,-4.71,-0.11,-8.62,0.60
0.57,0.48,2.75,-1.89,7.41
0.05,3.06,3.35,2.16,10.36
0.03,2.63,2.22,2.11,10.24
0.52,0.89,3.69,-1.01,8.25
0.94,-5.61,-0.79,-10.89,-1.78
0.66,-0.64,3.28,-3.66,5.67
0.27,2.55,3.82,1.71,10.57
0.47,1.67,2.71,-0.30,8.91
0.36,2.04,2.96,0.97,10.02
0.82,-3.90,1.27,-7.54,1.72
0.68,-1.42,1.70,-4.10,5.23
0.17,3.15,2.93,2.14,10.72
0.96,-6.51,-0.38,-11.72,-2.65
0.54,1.24,3.45,-1.40,7.88
0.92,-5.95,-0.53,-10.53,-1.40
0.61,0.48,3.73,-2.54,6.78
0.96,-6.49,-0.45,-11.83,-2.76
0.40,1.92,4.69,0.53,9.65
0.18,2.53,3.99,2.10,10.73
0.27,2.56,4.84,1.71,10.56
0.50,0.88,2.85,-0.77,8.48
0.73,-1.80,1.08,-5.29,4.03
0.97,-6.82,-0.68,-12.02,-2.96
0.56,0.20,3.33,-1.71,7.59
0.20,2.50,3.81,2.05,10.72
0.68,-0.78,1.43,-4.14,5.19
0.70,-1.02,1.99,-4.40,4.93
0.34,2.74,3.15,1.17,10.18
0.15,2.79,3.58,2.17,10.70
0.50,0.80,2.73,-0.71,8.54
0.18,3.07,2.76,2.11,10.73
0.93,-5.65,-0.75,-10.58,-1.44
0.92,-5.14,0.39,-10.46,-1.32
0.43,1.59,3.36,0.16,9.33
0.75,-2.25,2.49,-5.58,3.73
0.83,-4.08,1.13,-7.74,1.52
0.01,2.11,3.24,2.04,10.08
0.25,3.06,4.77,1.81,10.63
0.33,2.41,4.25,1.27,10.25
0.11,3.24,3.92,2.21,10.62
0.71,-1.66,1.39,-4.72,4.61
0.29,2.42,3.11,1.53,10.45
0.29,2.57,3.30,1.54,10.46
0.03,2.21,3.91,2.10,10.22
0.40,2.32,4.03,0.52,9.64
0.74,-2.44,1.52,-5.42,3.90
0.36,2.54,3.06,1.02,10.06
0.43,1.63,3.01,0.27,9.42
0.97,-6.38,0.26,-11.97,-2.91
0.21,2.95,3.87,2.02,10.71
0.14,2.55,4.42,2.19,10.68
0.52,0.82,4.26,-1.00,8.26
0.02,2.58,3.44,2.07,10.15
0.37,2.54,4.49,0.84,9.91
0.57,0.87,3.29,-1.83,7.48
0.89,-5.15,1.27,-9.50,-0.32
0.72,-1.29,2.53,-5.04,4.28
0.30,3.07,4.44,1.52,10.44
0.26,2.35,4.65,1.77,10.60
0.44,2.14,3.12,0.08,9.26
0.20,2.62,3.63,2.03,10.72
0.90,-4.60,1.19,-9.67,-0.50
0.06,2.66,4.12,2.17,10.40
0.77,-2.88,1.35,-6.26,3.04
0.43,2.10,3.88,0.19,9.36
0.59,-0.04,2.28,-2.29,7.03
0.46,1.76,3.40,-0.15,9.06
0.08,3.06,3.86,2.20,10.50
0.83,-3.82,1.55,-7.89,1.36
0.28,3.13,3.58,1.62,10.51
0.52,1.50,4.26,-1.03,8.23
0.45,1.44,3.14,-0.01,9.18
0.00,2.16,3.48,2.01,10.03
0.62,-0.10,3.42,-2.76,6.56
0.88,-4.80,0.31,-9.21,-0.01
0.21,3.31,4.68,2.01,10.71
0.95,-6.70,-0.69,-11.24,-2.14
0.34,2.83,3.17,1.14,10.16
0.31,2.35,4.81,1.38,10.34
0.72,-1.50,2.83,-4.86,4.47
0.04,2.18,3.04,2.13,10.27
0.86,-4.26,-0.23,-8.69,0.53
0.74,-1.70,2.11,-5.44,3.88
0.58,0.06,3.73,-2.05,7.26
0.54,1.04,3.87,-1.46,7.83
0.33,2.19,3.52,1.27,10.26
0.22,2.66,2.98,1.97,10.70
0.72,-1.23,2.03,-5.00,4.32
0.63,-0.67,2.49,-2.98,6.35
0.87,-4.66,-0.19,-9.01,0.20
0.99,-7.48,-0.06,-12.71,-3.70
0.03,2.86,4.18,2.11,10.24
0.42,2.10,4.66,0.28,9.44
0.13,2.60,2.70,2.20,10.67
0.05,2.55,3.99,2.16,10.35
0.27,3.01,4.75,1.72,10.57
0.95,-6.45,-0.07,-11.35,-2.26
0.75,-2.61,2.31,-5.78,3.53
0.13,3.39,3.16,2.20,10.67
0.42,1.85,3.53,0.32,9.48
0.55,0.53,3.68,-1.52,7.77
0.64,-0.64,2.66,-3.12,6.21
0.05,2.65,3.99,2.15,10.35
0.34,2.10,4.47,1.17,10.18
0.85,-3.93,0.39,-8.29,0.94
0.16,2.64,4.43,2.14,10.72
0.27,2.40,3.89,1.67,10.54
0.43,2.12,4.24,0.22,9.39
0.56,0.66,2.80,-1.71,7.58
0.76,-2.14,0.86,-5.98,3.33
0.25,2.50,3.80,1.80,10.62
0.44,1.96,3.04,0.06,9.25
0.57,0.99,3.54,-1.83,7.47
0.80,-2.65,1.13,-6.97,2.31
0.81,-2.99,1.65,-7.18,2.09
0.74,-2.06,0.97,-5.47,3.85
0.78,-3.09,2.31,-6.35,2.95
0.33,2.16,4.40,1.26,10.25
0.22,3.16,4.78,1.98,10.70
0.54,0.46,4.15,-1.45,7.84
0.25,3.02,3.01,1.84,10.64
0.64,-0.03,3.04,-3.22,6.11
0.66,-0.44,2.55,-3.74,5.59
0.23,2.40,3.00,1.91,10.67
0.06,2.77,3.51,2.17,10.41
0.17,2.42,3.50,2.13,10.73
0.06,2.74,3.47,2.17,10.40
0.00,2.79,3.22,2.01,10.02
0.80,-3.07,1.75,-6.96,2.32
0.59,0.32,2.48,-2.34,6.98
0.81,-2.97,0.56,-7.34,1.92
0.70,-1.62,2.90,-4.47,4.86
0.88,-5.12,0.32,-9.20,-0.00
0.72,-1.49,2.02,-5.02,4.30
0.62,0.05,2.69,-2.76,6.57
0.48,1.06,3.47,-0.40,8.83
0.95,-6.27,-0.67,-11.28,-2.18
0.25,3.09,3.88,1.82,10.63
0.33,2.80,3.52,1.22,10.22
0.88,-4.67,0.28,-9.09,0.11
0.73,-2.21,2.46,-5.18,4.14
0.45,1.74,3.67,-0.02,9.17
0.06,2.70,2.94,2.17,10.38
0.80,-3.40,0.45,-7.06,2.22
0.27,2.67,3.88,1.67,10.54
0.13,3.27,2.97,2.20,10.67
0.70,-1.62,3.30,-4.48,4.85
0.90,-5.49,-0.04,-9.80,-0.63
0.29,2.71,4.37,1.58,10.48
0.60,0.57,3.83,-2.42,6.89
0.60,0.32,3.85,-2.44,6.88
0.38,2.59,3.74,0.81,9.89
0.17,3.17,4.58,2.13,10.72
0.57,0.04,3.54,-1.93,7.38
0.08,2.49,3.52,2.20,10.51
0.42,1.69,4.04,0.28,9.44
0.04,3.02,2.79,2.14,10.31
0.02,2.29,3.90,2.08,10.17
0.85,-3.72,0.20,-8.20,1.03
0.68,-1.52,3.12,-4.09,5.24
0.95,-5.87,0.00,-11.22,-2.12
0.50,1.01,4.24,-0.77,8.48
0.22,3.05,3.12,1.94,10.69
0.05,2.75,2.82,2.15,10.33
0.59,0.36,3.02,-2.34,6.98
0.69,-0.81,1.84,-4.33,5.00
0.70,-1.41,2.77,-4.59,4.74
0.05,2.94,3.42,2.16,10.37
0.60,-0.24,3.83,-2.41,6.91
0.02,2.26,3.62,2.09,10.18
0.89,-4.86,1.38,-9.54,-0.36
0.44,1.68,3.94,0.14,9.31
0.43,1.82,3.04,0.20,9.37
0.61,0.25,3.63,-2.68,6.65
0.85,-4.41,1.51,-8.35,0.88
0.45,1.92,3.97,-0.01,9.18
0.38,1.85,4.26,0.76,9.85
0.64,-0.33,1.75,-3.26,6.07
0.88,-4.71,1.29,-9.33,-0.14
0.32,2.19,3.12,1.37,10.33
0.84,-3.63,1.89,-8.17,1.07
0.75,-2.03,1.95,-5.77,3.54
0.37,2.73,3.30,0.85,9.93
0.47,1.69,3.49,-0.37,8.86
0.91,-5.49,-0.66,-10.07,-0.92
0.69,-1.36,2.63,-4.40,4.93
0.87,-4.57,-0.24,-8.81,0.40
0.53,0.93,3.65,-1.24,8.04
0.52,1.30,4.27,-0.98,8.28
0.73,-1.76,2.69,-5.28,4.04
0.73,-1.50,2.07,-5.09,4.24
0.56,0.80,3.89,-1.70,7.60
0.59,-0.21,3.88,-2.20,7.11
0.69,-1.60,2.28,-4.35,4.98
0.27,2.95,3.96,1.66,10.54
0.94,-6.09,-0.88,-10.90,-1.79
0.28,2.25,4.53,1.63,10.51
0.94,-6.61,-0.56,-11.18,-2.08
0.48,1.34,3.86,-0.40,8.83
0.65,-0.73,3.19,-3.40,5.93
0.99,-6.73,-1.69,-12.50,-3.47
0.97,-6.79,-1.20,-11.99,-2.94
0.37,2.81,3.95,0.93,9.99
0.59,0.47,3.15,-2.22,7.09
1.00,-7.77,-1.31,-12.91,-3.90
0.38,2.05,3.12,0.81,9.89
0.24,3.25,3.18,1.87,10.65
0.89,-5.34,-0.20,-9.51,-0.33
0.86,-4.85,1.65,-8.69,0.53
0.95,-6.38,-0.29,-11.48,-2.40
0.44,1.72,3.68,0.07,9.25
0.16,3.09,3.39,2.16,10.71
0.49,0.96,2.89,-0.66,8.58
0.11,2.46,2.85,2.21,10.61
0.64,-0.76,3.07,-3.17,6.16
0.33,2.19,4.42,1.22,10.22
0.76,-2.84,2.63,-5.99,3.32
0.64,-0.60,3.55,-3.19,6.14
0.24,2.94,3.75,1.86,10.65
0.80,-3.17,1.64,-6.89,2.39
0.85,-3.62,0.65,-8.19,1.05
0.75,-2.30,1.10,-5.76,3.55
0.47,1.37,4.23,-0.28,8.94
0.10,2.42,3.44,2.21,10.57
0.34,2.82,2.94,1.18,10.19
0.94,-6.21,-1.08,-11.16,-2.05
0.69,-1.24,2.05,-4.24,5.09
0.40,1.93,4.40,0.55,9.67
0.90,-5.05,-0.70,-9.86,-0.69
0.31,2.61,3.14,1.41,10.36
0.25,3.13,3.13,1.79,10.61
0.01,2.47,2.65,2.03,10.05
0.89,-5.51,-0.05,-9.63,-0.46
0.60,0.42,3.17,-2.48,6.84
0.33,2.14,4.23,1.28,10.27
0.81,-3.54,0.84,-7.13,2.14
0.16,3.05,3.72,2.16,10.71
0.85,-4.17,0.44,-8.25,0.98
0.55,0.79,3.59,-1.62,7.68
0.09,3.26,3.37,2.21,10.56
0.98,-7.41,-0.40,-12.47,-3.44
0.81,-3.39,1.66,-7.20,2.07
0.77,-2.63,1.41,-6.07,3.23
0.69,-1.59,1.71,-4.37,4.97
0.77,-2.76,1.46,-6.07,3.24
0.52,1.50,2.79,-1.01,8.25
0.33,2.37,4.77,1.27,10.26
0.48,1.23,3.58,-0.44,8.78
0.57,0.28,3.00,-1.84,7.46
0.67,-0.39,2.26,-3.76,5.57
0.43,1.96,4.60,0.19,9.35
0.33,2.68,2.90,1.29,10.27
0.07,2.88,2.90,2.18,10.44
0.94,-5.82,-0.10,-10.90,-1.78
0.89,-5.26,0.04,-9.59,-0.41
0.37,2.01,4.39,0.84,9.92
0.91,-5.50,-0.08,-10.16,-1.01
0.21,3.19,3.12,2.01,10.71
0.12,2.52,4.29,2.20,10.65
0.56,0.33,3.40,-1.70,7.60
0.91,-5.75,0.15,-10.20,-1.05
0.95,-5.91,-0.94,-11.38,-2.29
0.76,-2.29,1.03,-5.91,3.40
0.40,2.36,4.60,0.54,9.66
0.28,2.59,4.76,1.60,10.49
0.42,1.50,3.22,0.39,9.53
0.85,-4.19,1.82,-8.28,0.95
0.47,1.73,2.81,-0.32,8.90
0.46,1.79,2.94,-0.13,9.07
0.30,2.66,3.50,1.49,10.42
0.27,2.50,3.33,1.67,10.54
0.38,2.20,3.38,0.80,9.89
0.82,-3.01,0.28,-7.38,1.89
0.64,-0.75,3.20,-3.32,6.01
0.76,-2.31,2.74,-5.91,3.40
0.67,-0.58,2.09,-3.76,5.58
0.61,0.28,2.41,-2.60,6.72
0.35,2.29,3.82,1.09,10.12
0.93,-5.51,-0.62,-10.75,-1.63
0.93,-5.43,-0.62,-10.80,-1.68
0.12,2.96,2.87,2.20,10.65
0.36,2.22,4.78,0.99,10.03
0.45,1.22,3.21,-0.08,9.11
0.86,-4.08,0.94,-8.72,0.50
0.30,2.26,3.23,1.49,10.42
0.92,-5.26,0.63,-10.51,-1.37
0.25,2.63,3.03,1.83,10.63
0.61,0.36,3.34,-2.62,6.70
0.20,3.03,4.47,2.06,10.72
0.91,-5.58,-0.20,-10.14,-0.98
0.56,0.93,3.99,-1.68,7.62
0.30,2.38,3.60,1.48,10.41
0.52,1.40,4.32,-0.98,8.28
0.18,3.13,3.06,2.11,10.73
0.05,2.58,2.87,2.16,10.37
0.77,-2.26,2.35,-6.20,3.10
0.51,0.67,3.28,-0.95,8.31
0.17,3.28,3.31,2.12,10.73
0.41,1.65,4.10,0.48,9.61
0.22,2.51,3.11,1.98,10.70
0.11,3.16,4.30,2.21,10.62
0.65,-0.48,2.12,-3.50,5.84
0.80,-3.13,1.63,-7.07,2.21
0.01,2.90,2.27,2.04,10.08
0.02,2.60,3.75,2.08,10.16
0.54,0.92,3.85,-1.36,7.92
0.07,2.73,3.23,2.18,10.44
0.05,2.23,3.13,2.15,10.35
0.47,1.01,4.58,-0.38,8.84
0.12,3.10,2.65,2.21,10.64
0.22,2.96,4.74,1.98,10.70
0.20,3.06,4.25,2.03,10.72
0.87,-4.98,-0.27,-8.92,0.29
0.73,-2.33,1.06,-5.25,4.07
0.96,-6.89,0.56,-11.54,-2.46
0.87,-4.78,1.55,-9.00,0.20
0.41,1.80,2.88,0.43,9.57
0.86,-3.98,0.68,-8.53,0.69
0.63,-0.18,3.28,-2.95,6.37
0.83,-3.47,0.17,-7.79,1.46
0.25,2.55,3.03,1.81,10.63
0.34,2.10,3.15,1.14,10.16
0.83,-4.08,1.47,-7.82,1.43
0.99,-7.45,-0.66,-12.71,-3.69
0.49,1.64,4.39,-0.64,8.61
0.11,2.71,3.19,2.21,10.63
0.45,1.63,4.64,-0.08,9.12
0.97,-6.70,-0.66,-12.08,-3.03
0.33,2.67,4.36,1.28,10.27
0.81,-3.13,0.48,-7.21,2.06
0.80,-3.37,1.16,-6.89,2.40
0.79,-2.66,0.60,-6.76,2.53
0.87,-4.52,0.37,-8.84,0.37
0.03,3.13,3.59,2.11,10.24
0.94,-6.26,0.81,-10.93,-1.82
0.01,2.92,3.27,2.02,10.04
0.44,1.62,3.25,0.13,9.30
0.26,2.39,3.03,1.78,10.60
0.71,-1.98,2.83,-4.75,4.58
0.96,-6.49,-1.36,-11.53,-2.45
0.65,-0.16,2.28,-3.43,5.91
0.60,-0.35,2.28,-2.53,6.79
0.20,2.80,3.43,2.04,10.72
0.65,-0.54,2.44,-3.33,6.01
0.95,-6.14,-0.09,-11.34,-2.25
0.88,-5.03,1.30,-9.27,-0.08
0.18,2.78,3.54,2.12,10.73
0.24,2.58,3.94,1.88,10.66
0.97,-6.76,-0.28,-11.95,-2.90
0.64,0.09,3.69,-3.15,6.18
0.88,-4.59,-0.20,-9.19,0.01
0.04,2.96,2.58,2.12,10.27
0.51,1.42,3.21,-0.88,8.38
0.15,3.04,4.20,2.18,10.70
0.06,2.50,4.18,2.18,10.42
0.95,-5.76,0.42,-11.25,-2.15
0.35,2.15,3.48,1.10,10.13
0.13,2.42,4.31,2.20,10.66
0.02,2.16,3.63,2.06,10.12
0.37,1.85,4.57,0.93,9.99
0.16,2.55,4.23,2.14,10.72
0.45,1.85,3.11,-0.00,9.18
0.33,2.49,4.37,1.27,10.26
0.44,1.81,3.49,0.11,9.28
0.51,1.46,2.50,-0.84,8.42
0.41,1.74,4.58,0.41,9.55
0.23,3.23,4.39,1.93,10.68
0.78,-3.13,1.64,-6.46,2.84
0.72,-1.64,1.55,-4.99,4.34
0.55,0.67,2.63,-1.59,7.70
0.70,-1.66,2.79,-4.47,4.86
0.27,3.15,3.57,1.66,10.54
0.15,2.82,4.60,2.16,10.71
0.15,2.67,3.15,2.17,10.71
0.37,1.97,2.93,0.91,9.97
0.86,-4.31,1.27,-8.58,0.64
0.46,1.56,3.47,-0.23,8.98
0.81,-3.55,1.79,-7.36,1.91
0.28,3.18,3.38,1.65,10.53
0.99,-7.37,-0.84,-12.60,-3.57
0.26,2.45,3.23,1.78,10.61
0.61,0.25,3.45,-2.55,6.78
0.72,-1.21,2.08,-4.99,4.34
0.96,-6.19,-0.67,-11.70,-2.62
0.08,3.06,3.30,2.20,10.49
0.51,0.78,2.97,-0.98,8.29
0.27,2.31,3.14,1.72,10.57
0.54,1.26,3.50,-1.38,7.90
0.83,-3.38,0.84,-7.64,1.62
0.85,-4.17,1.41,-8.39,0.84
0.37,2.69,3.15,0.91,9.97
0.27,2.47,3.47,1.67,10.54
0.36,2.19,4.83,1.01,10.06
0.34,2.13,3.76,1.17,10.19
0.73,-1.97,2.00,-5.19,4.13
0.78,-2.22,1.25,-6.39,2.91
0.04,2.45,2.39,2.14,10.31
0.86,-4.68,0.32,-8.50,0.72
0.69,-0.73,3.16,-4.23,5.10
0.30,3.01,4.43,1.49,10.42
0.14,3.05,2.72,2.18,10.70
0.92,-5.66,-0.75,-10.29,-1.14
0.39,2.14,2.93,0.68,9.78
0.84,-4.08,0.14,-8.02,1.23
0.42,2.16,3.44,0.35,9.50
0.27,2.76,2.99,1.72,10.57
0.59,-0.10,2.09,-2.29,7.03
0.06,2.61,3.46,2.18,10.43
0.31,2.39,4.60,1.44,10.38
0.41,1.76,4.74,0.42,9.56
0.97,-7.03,-0.80,-11.89,-2.83
0.47,1.85,3.46,-0.36,8.86
0.19,3.17,4.13,2.07,10.73
0.62,0.09,2.20,-2.82,6.50
0.50,0.97,4.19,-0.80,8.46
0.75,-2.57,1.68,-5.69,3.63
0.47,1.81,4.05,-0.28,8.93
0.69,-0.95,3.07,-4.22,5.11
0.88,-5.08,0.66,-9.16,0.04
0.93,-5.97,-0.77,-10.64,-1.51
0.52,0.84,3.27,-1.08,8.19
0.89,-4.97,0.27,-9.34,-0.15
0.70,-1.09,1.96,-4.45,4.88
0.48,1.20,4.06,-0.46,8.77
0.44,1.46,3.75,0.07,9.25
0.22,2.39,3.87,1.97,10.70
0.39,2.62,4.29,0.67,9.78
0.95,-6.79,-0.35,-11.42,-2.33
0.25,2.60,3.60,1.78,10.61
0.23,2.91,3.87,1.90,10.67
0.28,2.63,3.81,1.61,10.50
0.17,3.06,4.71,2.14,10.72
0.64,-0.62,2.70,-3.18,6.15
0.29,2.64,3.26,1.54,10.46
0.06,3.10,3.92,2.17,10.38
0.82,-3.92,1.64,-7.56,1.70
0.42,2.03,4.19,0.36,9.51
0.42,1.82,3.94,0.34,9.49
0.51,1.62,3.34,-0.88,8.38
0.99,-6.91,-1.17,-12.61,-3.59
0.42,2.09,3.17,0.39,9.53
0.88,-5.03,-0.40,-9.34,-0.15
0.76,-2.55,1.75,-6.03,3.28
0.06,3.12,3.25,2.17,10.40
0.91,-4.82,-0.60,-9.95,-0.79
0.45,1.97,4.48,-0.08,9.12
0.32,2.78,4.18,1.32,10.30
0.57,0.70,2.87,-1.90,7.41
0.70,-1.49,1.95,-4.40,4.93
0.33,2.27,4.46,1.25,10.24
0.50,1.36,3.78,-0.74,8.51
0.51,0.84,2.61,-0.94,8.32
0.43,1.70,3.47,0.20,9.37
0.35,2.47,3.39,1.06,10.09
0.81,-3.16,2.23,-7.28,1.99
0.75,-2.32,1.58,-5.72,3.60
1.00,-7.65,-0.04,-12.89,-3.89
0.83,-3.65,1.79,-7.67,1.59
0.01,2.41,2.94,2.02,10.05
0.23,2.80,4.63,1.92,10.68
0.27,3.04,4.64,1.70,10.56
0.77,-2.21,1.22,-6.09,3.21
0.82,-3.11,1.35,-7.40,1.86
0.97,-7.14,-0.85,-12.06,-3.01
0.97,-6.74,-0.50,-12.01,-2.95
0.54,0.81,3.16,-1.35,7.94
0.60,-0.16,3.72,-2.46,6.86
0.98,-6.61,-0.06,-12.23,-3.18
0.47,1.30,3.27,-0.30,8.91
0.38,2.22,3.83,0.81,9.89
0.26,2.33,3.95,1.73,10.58
0.09,2.93,3.39,2.21,10.54
0.42,1.74,3.52,0.34,9.49
0.34,2.94,3.51,1.18,10.19
0.78,-2.39,0.81,-6.32,2.98
0.38,1.85,4.34,0.80,9.88
0.70,-1.24,2.64,-4.55,4.78
0.78,-2.76,1.59,-6.56,2.73
0.44,1.64,4.32,0.05,9.24
0.05,2.88,4.19,2.15,10.33
0.56,0.53,3.31,-1.69,7.61
0.28,2.63,4.52,1.64,10.52
0.42,1.92,4.26,0.30,9.46
0.26,3.02,3.94,1.76,10.60
0.98,-6.63,0.12,-12.25,-3.20
0.97,-7.23,-1.18,-12.13,-3.08
0.08,2.49,4.07,2.20,10.52
0.89,-4.71,1.07,-9.51,-0.32
0.44,1.34,3.14,0.13,9.31
0.68,-0.97,2.74,-4.10,5.23
0.53,0.46,3.19,-1.19,8.09
0.52,1.26,2.53,-1.06,8.20
0.50,1.70,2.83,-0.78,8.47
0.62,-0.16,2.25,-2.79,6.54
0.78,-3.19,1.78,-6.47,2.82
0.90,-5.28,-0.00,-9.71,-0.54
0.39,1.89,4.34,0.63,9.74
0.56,0.70,3.36,-1.80,7.50
0.15,2.72,4.48,2.17,10.70
0.05,2.36,3.32,2.15,10.34
0.76,-2.85,1.93,-6.05,3.26
0.43,1.94,4.72,0.24,9.40
0.31,2.23,4.52,1.44,10.38
0.38,2.06,3.53,0.73,9.82
0.72,-2.05,1.15,-4.97,4.36
0.99,-7.08,-1.12,-12.68,-3.66
0.66,-0.92,3.39,-3.60,5.73
0.01,2.28,2.83,2.02,10.04
0.25,2.64,4.37,1.82,10.63
0.17,2.66,4.54,2.12,10.73
0.86,-4.51,-0.07,-8.59,0.63
0.09,2.50,2.78,2.20,10.53
0.17,2.47,3.38,2.14,10.72
0.05,3.07,3.92,2.16,10.36
0.94,-6.61,-0.74,-11.11,-2.00
0.57,0.43,3.16,-1.90,7.41
0.74,-1.87,2.52,-5.33,3.99
0.07,3.12,2.52,2.19,10.48
0.21,3.19,2.97,1.99,10.70
0.72,-1.84,3.04,-5.03,4.30
0.58,0.68,2.50,-2.07,7.24
0.14,2.91,3.85,2.19,10.68
0.68,-1.28,1.89,-4.06,5.28
0.73,-1.81,2.65,-5.23,4.09
0.11,3.30,4.49,2.21,10.61
0.04,2.84,3.29,2.14,10.30
0.25,2.88,4.81,1.82,10.63
0.84,-4.14,1.92,-8.13,1.11
0.95,-5.99,0.56,-11.26,-2.17
0.75,-2.27,1.98,-5.62,3.69
0.93,-5.94,0.14,-10.59,-1.46
0.05,2.60,4.00,2.15,10.34
0.58,0.25,3.75,-2.13,7.18
0.81,-3.69,1.65,-7.12,2.15
0.90,-4.92,0.06,-9.74,-0.57
0.16,3.04,4.16,2.16,10.71
0.37,2.15,3.20,0.91,9.97
0.04,2.81,4.05,2.12,10.27
0.66,-0.89,2.14,-3.71,5.63
0.75,-2.17,2.00,-5.81,3.50
0.19,2.82,3.50,2.07,10.72
0.21,3.14,3.58,2.02,10.71
0.23,2.46,3.79,1.90,10.67
0.87,-4.17,1.08,-8.84,0.37
0.62,0.28,2.62,-2.87,6.45
0.53,0.74,3.66,-1.29,7.99
0.36,2.37,4.51,0.99,10.04
0.85,-4.49,0.42,-8.36,0.87
0.76,-2.27,0.84,-5.96,3.35
0.16,2.65,4.51,2.16,10.72
0.20,2.78,3.30,2.05,10.72
0.03,2.68,3.67,2.10,10.21
0.32,2.85,4.23,1.35,10.32
0.65,-1.02,3.10,-3.53,5.80
0.45,1.60,3.56,-0.08,9.11
0.66,-0.75,2.56,-3.67,5.66
0.42,1.88,4.53,0.36,9.51
0.48,1.03,2.64,-0.49,8.74
0.49,1.61,3.66,-0.53,8.70
0.49,1.15,3.77,-0.56,8.67
0.31,2.66,3.90,1.41,10.36
0.48,1.20,3.99,-0.51,8.72
0.93,-6.32,-0.50,-10.84,-1.72
0.73,-1.98,3.05,-5.18,4.14
0.61,-0.23,3.54,-2.62,6.70
0.38,2.58,3.54,0.80,9.88
0.11,2.49,3.73,2.21,10.63
0.42,1.50,3.75,0.33,9.48
0.94,-6.45,-0.63,-11.07,-1.97
0.46,1.66,3.55,-0.12,9.08
0.32,2.73,3.83,1.32,10.29
0.32,2.30,3.07,1.37,10.34
0.96,-6.39,0.39,-11.68,-2.60
0.32,2.80,4.66,1.34,10.31
0.25,2.38,3.86,1.79,10.61
0.21,2.96,4.42,2.01,10.71
0.94,-6.25,-0.37,-11.09,-1.99
0.54,0.45,2.97,-1.33,7.95
0.11,3.28,3.79,2.21,10.62
0.50,0.86,3.61,-0.70,8.55
0.77,-2.82,1.74,-6.28,3.02
0.55,0.30,2.36,-1.59,7.70
0.75,-2.11,1.18,-5.80,3.51
0.71,-1.22,2.21,-4.75,4.58
0.61,-0.40,2.74,-2.61,6.72
0.51,1.63,2.56,-0.86,8.40
0.41,2.42,4.19,0.40,9.54
0.42,2.25,3.99,0.36,9.50
0.99,-7.44,-0.78,-12.81,-3.79
0.67,-1.10,3.03,-3.89,5.44
0.56,0.77,2.64,-1.71,7.59
0.23,2.56,4.25,1.92,10.68
0.91,-5.73,0.87,-10.16,-1.00
0.93,-5.89,0.73,-10.74,-1.62
0.96,-6.75,-1.10,-11.82,-2.75
0.47,1.09,3.81,-0.34,8.88
0.02,2.94,3.68,2.07,10.14
0.20,3.09,4.36,2.03,10.72
0.83,-3.20,1.68,-7.65,1.60
0.02,2.27,2.47,2.08,10.17
0.83,-4.07,0.81,-7.64,1.62
0.10,2.43,2.90,2.21,10.59
0.15,3.24,3.12,2.18,10.70
0.35,2.15,3.67,1.05,10.09
0.10,3.16,2.57,2.21,10.57
0.33,2.28,3.45,1.25,10.24
0.70,-1.56,2.50,-4.62,4.71
0.32,2.57,2.90,1.35,10.32
0.92,-5.59,-0.49,-10.45,-1.31
0.53,0.61,3.00,-1.18,8.09
0.50,0.72,2.77,-0.81,8.45
0.77,-2.90,1.84,-6.12,3.18
0.03,2.77,2.60,2.11,10.24
0.86,-4.08,1.41,-8.56,0.66
0.28,2.56,3.33,1.60,10.50
0.78,-2.55,1.34,-6.50,2.79
0.85,-4.15,0.34,-8.28,0.96
0.79,-2.42,1.33,-6.58,2.71
0.47,1.13,2.95,-0.39,8.84
0.67,-1.24,1.81,-3.85,5.49
0.31,3.06,4.90,1.39,10.35
0.80,-3.03,2.23,-6.89,2.39
0.58,0.14,2.23,-2.08,7.23
0.66,-0.20,2.62,-3.53,5.80
0.70,-1.14,1.36,-4.40,4.93
0.21,2.88,3.56,1.99,10.71
0.56,0.67,3.26,-1.80,7.51
0.76,-2.45,2.34,-5.81,3.50
0.33,2.40,4.10,1.24,10.24
0.07,2.41,2.78,2.18,10.43
0.13,2.97,3.59,2.20,10.66
0.07,2.76,3.56,2.18,10.44
0.50,1.45,4.07,-0.76,8.49
0.03,3.03,2.46,2.11,10.24
0.82,-3.17,0.86,-7.37,1.90
0.12,2.48,4.06,2.21,10.63
0.52,0.59,4.20,-1.04,8.23
0.38,2.34,4.76,0.76,9.85
0.42,2.06,4.36,0.36,9.51
0.66,-0.42,2.00,-3.70,5.63
0.09,2.50,3.57,2.21,10.55
0.55,0.60,3.68,-1.63,7.67
0.27,3.25,4.68,1.70,10.56
0.31,2.54,4.64,1.43,10.38
0.08,3.05,3.15,2.20,10.49
0.51,0.82,3.29,-0.90,8.36
0.55,0.62,2.73,-1.60,7.70
0.32,2.45,4.81,1.36,10.33
0.74,-2.21,1.52,-5.50,3.82
0.74,-1.91,2.27,-5.44,3.88
0.64,-0.53,2.33,-3.25,6.08
0.94,-6.51,0.23,-11.15,-2.04
0.63,0.09,2.24,-2.98,6.35
0.63,-0.76,2.73,-3.02,6.31
0.59,-0.21,2.88,-2.35,6.97
0.87,-4.08,-0.17,-8.88,0.33
0.46,1.32,4.21,-0.21,8.99
0.37,2.74,4.25,0.89,9.96
0.25,2.85,3.32,1.82,10.63
0.04,3.09,4.06,2.13,10.27
0.25,2.71,4.72,1.83,10.63
0.09,2.36,2.93,2.21,10.56
0.08,3.12,3.16,2.20,10.50
0.17,2.62,3.78,2.12,10.73
0.26,2.93,3.97,1.77,10.60
0.44,1.94,2.93,0.05,9.23
0.98,-7.33,-0.68,-12.24,-3.20
0.42,1.98,3.80,0.30,9.45
0.51,1.15,4.39,-0.93,8.34
0.03,2.32,2.28,2.10,10.21
0.41,1.71,4.47,0.49,9.62
0.52,1.15,4.39,-0.98,8.28
0.53,1.09,3.20,-1.29,7.99
0.73,-2.20,1.70,-5.12,4.20
0.16,3.04,3.63,2.15,10.72
0.58,0.13,3.86,-2.14,7.18
0.51,0.80,3.58,-0.97,8.30
0.25,3.20,4.33,1.80,10.62
0.85,-4.04,0.41,-8.20,1.04
0.84,-3.53,0.43,-8.07,1.17
0.07,3.05,2.67,2.18,10.44
0.56,0.09,3.89,-1.78,7.52
0.72,-1.45,1.74,-4.97,4.35
0.88,-5.13,1.46,-9.21,-0.01
0.78,-2.51,1.39,-6.55,2.74
0.07,3.03,2.98,2.18,10.44
0.71,-1.52,2.67,-4.64,4.69
0.35,2.39,3.73,1.08,10.11
0.26,2.78,4.46,1.77,10.60
0.79,-3.02,2.39,-6.60,2.69
0.79,-3.41,0.99,-6.76,2.53
0.79,-2.71,1.43,-6.58,2.72
0.27,3.17,4.85,1.68,10.54
0.72,-1.70,1.87,-5.06,4.26
0.11,3.35,3.03,2.21,10.60
0.68,-1.42,2.99,-4.16,5.18
0.48,1.13,2.76,-0.46,8.77
0.08,2.52,3.74,2.20,10.51
0.63,-0.57,2.49,-3.05,6.28
0.72,-1.35,2.52,-4.96,4.37
0.71,-1.88,2.82,-4.84,4.49
0.58,0.17,3.60,-2.02,7.29
0.91,-5.14,-0.28,-9.94,-0.78
0.66,-0.94,1.92,-3.72,5.61
0.90,-5.30,0.11,-9.65,-0.47
0.78,-2.70,0.86,-6.52,2.78
0.73,-1.47,1.34,-5.30,4.02
0.87,-4.78,0.44,-8.91,0.30
0.91,-5.09,0.83,-10.04,-0.88
0.53,0.92,4.19,-1.26,8.02
0.30,2.33,3.16,1.50,10.43
0.80,-3.45,2.31,-6.91,2.37
0.10,2.39,3.28,2.21,10.58
0.16,2.93,3.27,2.16,10.71
0.49,1.34,4.34,-0.61,8.63
0.41,1.91,3.86,0.44,9.57
0.96,-6.80,-0.06,-11.59,-2.51
0.40,1.69,3.82,0.55,9.67
0.49,1.09,3.28,-0.59,8.65
0.30,2.92,4.67,1.52,10.44
0.55,0.49,2.62,-1.51,7.78
0.07,2.54,2.59,2.18,10.43
0.74,-2.13,2.88,-5.37,3.95
0.77,-2.08,2.68,-6.19,3.11
0.87,-4.22,0.72,-8.96,0.25
0.07,2.43,3.84,2.19,10.45
0.88,-4.53,0.45,-9.29,-0.10
0.08,2.67,4.05,2.20,10.49
0.39,1.74,4.08,0.66,9.77
0.32,2.95,3.30,1.30,10.28
0.59,-0.01,3.95,-2.20,7.12
0.02,2.10,3.09,2.08,10.17
0.56,0.92,2.66,-1.76,7.54
0.70,-0.95,2.22,-4.40,4.93
0.17,3.00,3.15,2.14,10.72
